0,-0.582886
5.00E-05,-0.595093
1.00E-04,-0.582886
1.50E-04,-0.588989
2.00E-04,-0.592041
2.50E-04,-0.598145
3.00E-04,-0.598145
3.50E-04,-0.582886
4.00E-04,-0.592041
4.50E-04,-0.570679
5.00E-04,-0.588989
5.50E-04,-0.592041
6.00E-04,-0.592041
6.50E-04,-0.576782
7.00E-04,-0.576782
7.50E-04,-0.579834
8.00E-04,-0.570679
8.50E-04,-0.585938
9.00E-04,-0.576782
9.50E-04,-0.588989
0.001,-0.588989
0.00105,-0.585938
0.0011,-0.582886
0.00115,-0.576782
0.0012,-0.595093
0.00125,-0.588989
0.0013,-0.592041
0.00135,-0.588989
0.0014,-0.588989
0.00145,-0.576782
0.0015,-0.57373
0.00155,-0.588989
0.0016,-0.576782
0.00165,-0.588989
0.0017,-0.582886
0.00175,-0.598145
0.0018,-0.582886
0.00185,-0.585938
0.0019,-0.598145
0.00195,-0.576782
0.002,-0.595093
0.00205,-0.585938
0.0021,-0.595093
0.00215,-0.585938
0.0022,-0.592041
0.00225,-0.604248
0.0023,-0.585938
0.00235,-0.595093
0.0024,-0.585938
0.00245,-0.585938
0.0025,-0.585938
0.00255,-0.582886
0.0026,-0.585938
0.00265,-0.588989
0.0027,-0.601196
0.00275,-0.588989
0.0028,-0.6073
0.00285,-0.595093
0.0029,-0.588989
0.00295,-0.592041
0.003,-0.582886
0.00305,-0.588989
0.0031,-0.582886
0.00315,-0.588989
0.0032,-0.576782
0.00325,-0.588989
0.0033,-0.582886
0.00335,-0.582886
0.0034,-0.582886
0.00345,-0.570679
0.0035,-0.588989
0.00355,-0.579834
0.0036,-0.592041
0.00365,-0.582886
0.0037,-0.576782
0.00375,-0.588989
0.0038,-0.595093
0.00385,-0.6073
0.0039,-0.595093
0.00395,-0.604248
0.004,-0.585938
0.00405,-0.595093
0.0041,-0.576782
0.00415,-0.588989
0.0042,-0.592041
0.00425,-0.576782
0.0043,-0.592041
0.00435,-0.582886
0.0044,-0.598145
0.00445,-0.601196
0.0045,-0.592041
0.00455,-0.592041
0.0046,-0.582886
0.00465,-0.598145
0.0047,-0.585938
0.00475,-0.595093
0.0048,-0.579834
0.00485,-0.582886
0.0049,-0.592041
0.00495,-0.582886
0.005,-0.601196
0.00505,-0.576782
0.0051,-0.588989
0.00515,-0.592041
0.0052,-0.585938
0.00525,-0.579834
0.0053,-0.585938
0.00535,-0.601196
0.0054,-0.592041
0.00545,-0.598145
0.0055,-0.588989
0.00555,-0.598145
0.0056,-0.595093
0.00565,-0.582886
0.0057,-0.582886
0.00575,-0.57373
0.0058,-0.598145
0.00585,-0.592041
0.0059,-0.585938
0.00595,-0.588989
0.006,-0.588989
0.00605,-0.598145
0.0061,-0.585938
0.00615,-0.604248
0.0062,-0.588989
0.00625,-0.598145
0.0063,-0.582886
0.00635,-0.585938
0.0064,-0.588989
0.00645,-0.567627
0.0065,-0.585938
0.00655,-0.570679
0.0066,-0.576782
0.00665,-0.567627
0.0067,-0.582886
0.00675,-0.582886
0.0068,-0.576782
0.00685,-0.585938
0.0069,-0.57373
0.00695,-0.588989
0.007,-0.582886
0.00705,-0.588989
0.0071,-0.585938
0.00715,-0.585938
0.0072,-0.588989
0.00725,-0.57373
0.0073,-0.598145
0.00735,-0.585938
0.0074,-0.585938
0.00745,-0.582886
0.0075,-0.588989
0.00755,-0.592041
0.0076,-0.576782
0.00765,-0.582886
0.0077,-0.585938
0.00775,-0.592041
0.0078,-0.576782
0.00785,-0.582886
0.0079,-0.585938
0.00795,-0.576782
0.008,-0.595093
0.00805,-0.570679
0.0081,-0.579834
0.00815,-0.57373
0.0082,-0.579834
0.00825,-0.579834
0.0083,-0.582886
0.00835,-0.595093
0.0084,-0.588989
0.00845,-0.601196
0.0085,-0.585938
0.00855,-0.595093
0.0086,-0.595093
0.00865,-0.592041
0.0087,-0.595093
0.00875,-0.585938
0.0088,-0.585938
0.00885,-0.582886
0.0089,-0.585938
0.00895,-0.595093
0.009,-0.592041
0.00905,-0.585938
0.0091,-0.582886
0.00915,-0.598145
0.0092,-0.579834
0.00925,-0.592041
0.0093,-0.585938
0.00935,-0.582886
0.0094,-0.582886
0.00945,-0.579834
0.0095,-0.592041
0.00955,-0.582886
0.0096,-0.598145
0.00965,-0.576782
0.0097,-0.582886
0.00975,-0.585938
0.0098,-0.585938
0.00985,-0.585938
0.0099,-0.576782
0.00995,-0.588989
0.01,-0.576782
0.01005,-0.588989
0.0101,-0.588989
0.01015,-0.592041
0.0102,-0.595093
0.01025,-0.592041
0.0103,-0.604248
0.01035,-0.585938
0.0104,-0.595093
0.01045,-0.582886
0.0105,-0.588989
0.01055,-0.592041
0.0106,-0.592041
0.01065,-0.598145
0.0107,-0.576782
0.01075,-0.592041
0.0108,-0.579834
0.01085,-0.585938
0.0109,-0.585938
0.01095,-0.595093
0.011,-0.598145
0.01105,-0.585938
0.0111,-0.592041
0.01115,-0.582886
0.0112,-0.598145
0.01125,-0.588989
0.0113,-0.595093
0.01135,-0.585938
0.0114,-0.582886
0.01145,-0.592041
0.0115,-0.585938
0.01155,-0.604248
0.0116,-0.585938
0.01165,-0.601196
0.0117,-0.592041
0.01175,-0.585938
0.0118,-0.601196
0.01185,-0.592041
0.0119,-0.6073
0.01195,-0.592041
0.012,-0.585938
0.01205,-0.592041
0.0121,-0.579834
0.01215,-0.588989
0.0122,-0.579834
0.01225,-0.598145
0.0123,-0.592041
0.01235,-0.604248
0.0124,-0.595093
0.01245,-0.588989
0.0125,-0.595093
0.01255,-0.576782
0.0126,-0.592041
0.01265,-0.579834
0.0127,-0.604248
0.01275,-0.595093
0.0128,-0.592041
0.01285,-0.588989
0.0129,-0.592041
0.01295,-0.598145
0.013,-0.595093
0.01305,-0.6073
0.0131,-0.585938
0.01315,-0.598145
0.0132,-0.604248
0.01325,-0.601196
0.0133,-0.6073
0.01335,-0.582886
0.0134,-0.592041
0.01345,-0.601196
0.0135,-0.601196
0.01355,-0.592041
0.0136,-0.582886
0.01365,-0.595093
0.0137,-0.579834
0.01375,-0.6073
0.0138,-0.592041
0.01385,-0.6073
0.0139,-0.595093
0.01395,-0.6073
0.014,-0.604248
0.01405,-0.598145
0.0141,-0.616455
0.01415,-0.604248
0.0142,-0.613403
0.01425,-0.595093
0.0143,-0.604248
0.01435,-0.592041
0.0144,-0.579834
0.01445,-0.588989
0.0145,-0.576782
0.01455,-0.598145
0.0146,-0.576782
0.01465,-0.57373
0.0147,-0.579834
0.01475,-0.579834
0.0148,-0.585938
0.01485,-0.57373
0.0149,-0.592041
0.01495,-0.576782
0.015,-0.576782
0.01505,-0.579834
0.0151,-0.595093
0.01515,-0.598145
0.0152,-0.588989
0.01525,-0.601196
0.0153,-0.579834
0.01535,-0.588989
0.0154,-0.579834
0.01545,-0.598145
0.0155,-0.579834
0.01555,-0.567627
0.0156,-0.585938
0.01565,-0.570679
0.0157,-0.57373
0.01575,-0.576782
0.0158,-0.582886
0.01585,-0.570679
0.0159,-0.558472
0.01595,-0.576782
0.016,-0.57373
0.01605,-0.582886
0.0161,-0.57373
0.01615,-0.579834
0.0162,-0.576782
0.01625,-0.585938
0.0163,-0.588989
0.01635,-0.579834
0.0164,-0.588989
0.01645,-0.57373
0.0165,-0.598145
0.01655,-0.585938
0.0166,-0.588989
0.01665,-0.588989
0.0167,-0.579834
0.01675,-0.598145
0.0168,-0.582886
0.01685,-0.595093
0.0169,-0.576782
0.01695,-0.598145
0.017,-0.588989
0.01705,-0.582886
0.0171,-0.588989
0.01715,-0.576782
0.0172,-0.592041
0.01725,-0.57373
0.0173,-0.582886
0.01735,-0.579834
0.0174,-0.585938
0.01745,-0.588989
0.0175,-0.585938
0.01755,-0.595093
0.0176,-0.579834
0.01765,-0.579834
0.0177,-0.582886
0.01775,-0.588989
0.0178,-0.588989
0.01785,-0.582886
0.0179,-0.592041
0.01795,-0.585938
0.018,-0.588989
0.01805,-0.576782
0.0181,-0.579834
0.01815,-0.57373
0.0182,-0.576782
0.01825,-0.582886
0.0183,-0.567627
0.01835,-0.585938
0.0184,-0.576782
0.01845,-0.588989
0.0185,-0.582886
0.01855,-0.585938
0.0186,-0.588989
0.01865,-0.576782
0.0187,-0.595093
0.01875,-0.567627
0.0188,-0.585938
0.01885,-0.588989
0.0189,-0.588989
0.01895,-0.576782
0.019,-0.576782
0.01905,-0.585938
0.0191,-0.576782
0.01915,-0.585938
0.0192,-0.579834
0.01925,-0.582886
0.0193,-0.595093
0.01935,-0.579834
0.0194,-0.585938
0.01945,-0.576782
0.0195,-0.588989
0.01955,-0.57373
0.0196,-0.582886
0.01965,-0.579834
0.0197,-0.592041
0.01975,-0.592041
0.0198,-0.582886
0.01985,-0.588989
0.0199,-0.579834
0.01995,-0.592041
0.02,-0.582886
0.02005,-0.595093
0.0201,-0.598145
0.02015,-0.582886
0.0202,-0.595093
0.02025,-0.582886
0.0203,-0.595093
0.02035,-0.582886
0.0204,-0.582886
0.02045,-0.588989
0.0205,-0.579834
0.02055,-0.592041
0.0206,-0.588989
0.02065,-0.601196
0.0207,-0.588989
0.02075,-0.588989
0.0208,-0.582886
0.02085,-0.579834
0.0209,-0.592041
0.02095,-0.592041
0.021,-0.6073
0.02105,-0.582886
0.0211,-0.595093
0.02115,-0.592041
0.0212,-0.592041
0.02125,-0.592041
0.0213,-0.582886
0.02135,-0.585938
0.0214,-0.576782
0.02145,-0.601196
0.0215,-0.585938
0.02155,-0.585938
0.0216,-0.592041
0.02165,-0.595093
0.0217,-0.598145
0.02175,-0.576782
0.0218,-0.588989
0.02185,-0.579834
0.0219,-0.595093
0.02195,-0.595093
0.022,-0.588989
0.02205,-0.592041
0.0221,-0.582886
0.02215,-0.604248
0.0222,-0.592041
0.02225,-0.595093
0.0223,-0.592041
0.02235,-0.595093
0.0224,-0.598145
0.02245,-0.582886
0.0225,-0.592041
0.02255,-0.579834
0.0226,-0.601196
0.02265,-0.585938
0.0227,-0.588989
0.02275,-0.592041
0.0228,-0.585938
0.02285,-0.598145
0.0229,-0.57373
0.02295,-0.582886
0.023,-0.585938
0.02305,-0.595093
0.0231,-0.592041
0.02315,-0.588989
0.0232,-0.601196
0.02325,-0.579834
0.0233,-0.585938
0.02335,-0.585938
0.0234,-0.588989
0.02345,-0.582886
0.0235,-0.582886
0.02355,-0.595093
0.0236,-0.592041
0.02365,-0.601196
0.0237,-0.582886
0.02375,-0.592041
0.0238,-0.585938
0.02385,-0.592041
0.0239,-0.595093
0.02395,-0.585938
0.024,-0.588989
0.02405,-0.579834
0.0241,-0.6073
0.02415,-0.588989
0.0242,-0.582886
0.02425,-0.588989
0.0243,-0.57373
0.02435,-0.567627
0.0244,-0.570679
0.02445,-0.582886
0.0245,-0.57373
0.02455,-0.588989
0.0246,-0.585938
0.02465,-0.579834
0.0247,-0.57373
0.02475,-0.564575
0.0248,-0.579834
0.02485,-0.570679
0.0249,-0.585938
0.02495,-0.579834
0.025,-0.582886
0.02505,-0.598145
0.0251,-0.582886
0.02515,-0.585938
0.0252,-0.567627
0.02525,-0.570679
0.0253,-0.567627
0.02535,-0.576782
0.0254,-0.57373
0.02545,-0.570679
0.0255,-0.576782
0.02555,-0.561523
0.0256,-0.592041
0.02565,-0.582886
0.0257,-0.585938
0.02575,-0.595093
0.0258,-0.570679
0.02585,-0.588989
0.0259,-0.570679
0.02595,-0.588989
0.026,-0.582886
0.02605,-0.582886
0.0261,-0.585938
0.02615,-0.585938
0.0262,-0.582886
0.02625,-0.57373
0.0263,-0.592041
0.02635,-0.585938
0.0264,-0.604248
0.02645,-0.595093
0.0265,-0.598145
0.02655,-0.595093
0.0266,-0.585938
0.02665,-0.604248
0.0267,-0.592041
0.02675,-0.601196
0.0268,-0.585938
0.02685,-0.582886
0.0269,-0.579834
0.02695,-0.576782
0.027,-0.592041
0.02705,-0.582886
0.0271,-0.598145
0.02715,-0.595093
0.0272,-0.598145
0.02725,-0.588989
0.0273,-0.588989
0.02735,-0.595093
0.0274,-0.582886
0.02745,-0.595093
0.0275,-0.576782
0.02755,-0.595093
0.0276,-0.582886
0.02765,-0.588989
0.0277,-0.592041
0.02775,-0.576782
0.0278,-0.585938
0.02785,-0.57373
0.0279,-0.598145
0.02795,-0.588989
0.028,-0.595093
0.02805,-0.592041
0.0281,-0.582886
0.02815,-0.588989
0.0282,-0.57373
0.02825,-0.592041
0.0283,-0.582886
0.02835,-0.588989
0.0284,-0.582886
0.02845,-0.57373
0.0285,-0.585938
0.02855,-0.588989
0.0286,-0.610352
0.02865,-0.588989
0.0287,-0.604248
0.02875,-0.592041
0.0288,-0.585938
0.02885,-0.598145
0.0289,-0.585938
0.02895,-0.595093
0.029,-0.576782
0.02905,-0.598145
0.0291,-0.585938
0.02915,-0.585938
0.0292,-0.588989
0.02925,-0.582886
0.0293,-0.592041
0.02935,-0.582886
0.0294,-0.598145
0.02945,-0.576782
0.0295,-0.579834
0.02955,-0.576782
0.0296,-0.585938
0.02965,-0.585938
0.0297,-0.579834
0.02975,-0.598145
0.0298,-0.579834
0.02985,-0.592041
0.0299,-0.598145
0.02995,-0.585938
0.03,-0.585938
0.03005,-0.595093
0.0301,-0.601196
0.03015,-0.588989
0.0302,-0.598145
0.03025,-0.585938
0.0303,-0.601196
0.03035,-0.604248
0.0304,-0.598145
0.03045,-0.595093
0.0305,-0.582886
0.03055,-0.601196
0.0306,-0.601196
0.03065,-0.601196
0.0307,-0.595093
0.03075,-0.588989
0.0308,-0.598145
0.03085,-0.579834
0.0309,-0.592041
0.03095,-0.576782
0.031,-0.588989
0.03105,-0.579834
0.0311,-0.57373
0.03115,-0.585938
0.0312,-0.576782
0.03125,-0.592041
0.0313,-0.582886
0.03135,-0.601196
0.0314,-0.595093
0.03145,-0.598145
0.0315,-0.588989
0.03155,-0.592041
0.0316,-0.604248
0.03165,-0.579834
0.0317,-0.588989
0.03175,-0.582886
0.0318,-0.588989
0.03185,-0.576782
0.0319,-0.576782
0.03195,-0.595093
0.032,-0.570679
0.03205,-0.582886
0.0321,-0.576782
0.03215,-0.592041
0.0322,-0.57373
0.03225,-0.582886
0.0323,-0.595093
0.03235,-0.567627
0.0324,-0.592041
0.03245,-0.588989
0.0325,-0.595093
0.03255,-0.576782
0.0326,-0.579834
0.03265,-0.595093
0.0327,-0.576782
0.03275,-0.598145
0.0328,-0.582886
0.03285,-0.595093
0.0329,-0.588989
0.03295,-0.588989
0.033,-0.592041
0.03305,-0.576782
0.0331,-0.585938
0.03315,-0.576782
0.0332,-0.588989
0.03325,-0.57373
0.0333,-0.585938
0.03335,-0.579834
0.0334,-0.582886
0.03345,-0.588989
0.0335,-0.585938
0.03355,-0.598145
0.0336,-0.579834
0.03365,-0.582886
0.0337,-0.582886
0.03375,-0.576782
0.0338,-0.579834
0.03385,-0.57373
0.0339,-0.579834
0.03395,-0.564575
0.034,-0.579834
0.03405,-0.570679
0.0341,-0.579834
0.03415,-0.585938
0.0342,-0.579834
0.03425,-0.588989
0.0343,-0.576782
0.03435,-0.595093
0.0344,-0.567627
0.03445,-0.570679
0.0345,-0.57373
0.03455,-0.579834
0.0346,-0.582886
0.03465,-0.579834
0.0347,-0.588989
0.03475,-0.57373
0.0348,-0.588989
0.03485,-0.585938
0.0349,-0.579834
0.03495,-0.582886
0.035,-0.570679
0.03505,-0.585938
0.0351,-0.564575
0.03515,-0.585938
0.0352,-0.585938
0.03525,-0.585938
0.0353,-0.576782
0.03535,-0.570679
0.0354,-0.57373
0.03545,-0.57373
0.0355,-0.585938
0.03555,-0.588989
0.0356,-0.595093
0.03565,-0.588989
0.0357,-0.588989
0.03575,-0.598145
0.0358,-0.579834
0.03585,-0.592041
0.0359,-0.576782
0.03595,-0.585938
0.036,-0.579834
0.03605,-0.582886
0.0361,-0.585938
0.03615,-0.567627
0.0362,-0.588989
0.03625,-0.576782
0.0363,-0.585938
0.03635,-0.585938
0.0364,-0.585938
0.03645,-0.579834
0.0365,-0.564575
0.03655,-0.582886
0.0366,-0.582886
0.03665,-0.588989
0.0367,-0.585938
0.03675,-0.592041
0.0368,-0.595093
0.03685,-0.588989
0.0369,-0.588989
0.03695,-0.585938
0.037,-0.592041
0.03705,-0.585938
0.0371,-0.585938
0.03715,-0.588989
0.0372,-0.576782
0.03725,-0.595093
0.0373,-0.582886
0.03735,-0.604248
0.0374,-0.582886
0.03745,-0.588989
0.0375,-0.585938
0.03755,-0.582886
0.0376,-0.598145
0.03765,-0.588989
0.0377,-0.604248
0.03775,-0.582886
0.0378,-0.601196
0.03785,-0.588989
0.0379,-0.588989
0.03795,-0.582886
0.038,-0.585938
0.03805,-0.595093
0.0381,-0.582886
0.03815,-0.598145
0.0382,-0.579834
0.03825,-0.585938
0.0383,-0.604248
0.03835,-0.604248
0.0384,-0.610352
0.03845,-0.592041
0.0385,-0.610352
0.03855,-0.592041
0.0386,-0.601196
0.03865,-0.588989
0.0387,-0.592041
0.03875,-0.595093
0.0388,-0.588989
0.03885,-0.604248
0.0389,-0.588989
0.03895,-0.595093
0.039,-0.592041
0.03905,-0.588989
0.0391,-0.588989
0.03915,-0.585938
0.0392,-0.601196
0.03925,-0.588989
0.0393,-0.601196
0.03935,-0.595093
0.0394,-0.598145
0.03945,-0.588989
0.0395,-0.585938
0.03955,-0.595093
0.0396,-0.579834
0.03965,-0.595093
0.0397,-0.57373
0.03975,-0.595093
0.0398,-0.588989
0.03985,-0.585938
0.0399,-0.579834
0.03995,-0.582886
0.04,-0.601196
0.04005,-0.576782
0.0401,-0.579834
0.04015,-0.588989
0.0402,-0.595093
0.04025,-0.592041
0.0403,-0.585938
0.04035,-0.604248
0.0404,-0.576782
0.04045,-0.595093
0.0405,-0.582886
0.04055,-0.582886
0.0406,-0.579834
0.04065,-0.579834
0.0407,-0.595093
0.04075,-0.576782
0.0408,-0.588989
0.04085,-0.588989
0.0409,-0.592041
0.04095,-0.576782
0.041,-0.57373
0.04105,-0.588989
0.0411,-0.585938
0.04115,-0.595093
0.0412,-0.579834
0.04125,-0.585938
0.0413,-0.582886
0.04135,-0.582886
0.0414,-0.595093
0.04145,-0.588989
0.0415,-0.588989
0.04155,-0.567627
0.0416,-0.588989
0.04165,-0.579834
0.0417,-0.579834
0.04175,-0.595093
0.0418,-0.588989
0.04185,-0.595093
0.0419,-0.582886
0.04195,-0.601196
0.042,-0.588989
0.04205,-0.579834
0.0421,-0.564575
0.04215,-0.57373
0.0422,-0.57373
0.04225,-0.564575
0.0423,-0.588989
0.04235,-0.558472
0.0424,-0.57373
0.04245,-0.579834
0.0425,-0.598145
0.04255,-0.585938
0.0426,-0.579834
0.04265,-0.588989
0.0427,-0.576782
0.04275,-0.595093
0.0428,-0.582886
0.04285,-0.585938
0.0429,-0.585938
0.04295,-0.582886
0.043,-0.588989
0.04305,-0.582886
0.0431,-0.598145
0.04315,-0.588989
0.0432,-0.592041
0.04325,-0.576782
0.0433,-0.57373
0.04335,-0.585938
0.0434,-0.561523
0.04345,-0.585938
0.0435,-0.567627
0.04355,-0.582886
0.0436,-0.57373
0.04365,-0.57373
0.0437,-0.585938
0.04375,-0.582886
0.0438,-0.592041
0.04385,-0.579834
0.0439,-0.585938
0.04395,-0.579834
0.044,-0.595093
0.04405,-0.592041
0.0441,-0.576782
0.04415,-0.585938
0.0442,-0.582886
0.04425,-0.592041
0.0443,-0.579834
0.04435,-0.585938
0.0444,-0.588989
0.04445,-0.57373
0.0445,-0.604248
0.04455,-0.582886
0.0446,-0.592041
0.04465,-0.585938
0.0447,-0.598145
0.04475,-0.592041
0.0448,-0.592041
0.04485,-0.598145
0.0449,-0.592041
0.04495,-0.601196
0.045,-0.585938
0.04505,-0.601196
0.0451,-0.579834
0.04515,-0.585938
0.0452,-0.598145
0.04525,-0.592041
0.0453,-0.601196
0.04535,-0.585938
0.0454,-0.604248
0.04545,-0.585938
0.0455,-0.588989
0.04555,-0.595093
0.0456,-0.595093
0.04565,-0.604248
0.0457,-0.582886
0.04575,-0.610352
0.0458,-0.604248
0.04585,-0.601196
0.0459,-0.6073
0.04595,-0.588989
0.046,-0.598145
0.04605,-0.582886
0.0461,-0.598145
0.04615,-0.585938
0.0462,-0.598145
0.04625,-0.579834
0.0463,-0.585938
0.04635,-0.598145
0.0464,-0.592041
0.04645,-0.601196
0.0465,-0.576782
0.04655,-0.598145
0.0466,-0.595093
0.04665,-0.595093
0.0467,-0.592041
0.04675,-0.592041
0.0468,-0.592041
0.04685,-0.585938
0.0469,-0.604248
0.04695,-0.585938
0.047,-0.595093
0.04705,-0.592041
0.0471,-0.601196
0.04715,-0.601196
0.0472,-0.57373
0.04725,-0.604248
0.0473,-0.595093
0.04735,-0.6073
0.0474,-0.604248
0.04745,-0.598145
0.0475,-0.595093
0.04755,-0.585938
0.0476,-0.598145
0.04765,-0.585938
0.0477,-0.595093
0.04775,-0.592041
0.0478,-0.588989
0.04785,-0.598145
0.0479,-0.592041
0.04795,-0.604248
0.048,-0.576782
0.04805,-0.595093
0.0481,-0.588989
0.04815,-0.588989
0.0482,-0.585938
0.04825,-0.588989
0.0483,-0.610352
0.04835,-0.592041
0.0484,-0.601196
0.04845,-0.601196
0.0485,-0.6073
0.04855,-0.588989
0.0486,-0.592041
0.04865,-0.598145
0.0487,-0.579834
0.04875,-0.604248
0.0488,-0.585938
0.04885,-0.601196
0.0489,-0.582886
0.04895,-0.592041
0.049,-0.6073
0.04905,-0.582886
0.0491,-0.601196
0.04915,-0.582886
0.0492,-0.598145
0.04925,-0.579834
0.0493,-0.595093
0.04935,-0.601196
0.0494,-0.595093
0.04945,-0.598145
0.0495,-0.582886
0.04955,-0.588989
0.0496,-0.576782
0.04965,-0.598145
0.0497,-0.592041
0.04975,-0.585938
0.0498,-0.588989
0.04985,-0.582886
0.0499,-0.585938
0.04995,-0.570679
0.05,-0.598145
0.05005,-0.582886
0.0501,-0.585938
0.05015,-0.598145
0.0502,-0.592041
0.05025,-0.598145
0.0503,-0.588989
0.05035,-0.601196
0.0504,-0.588989
0.05045,-0.598145
0.0505,-0.585938
0.05055,-0.582886
0.0506,-0.595093
0.05065,-0.585938
0.0507,-0.598145
0.05075,-0.576782
0.0508,-0.588989
0.05085,-0.582886
0.0509,-0.585938
0.05095,-0.592041
0.051,-0.576782
0.05105,-0.592041
0.0511,-0.57373
0.05115,-0.576782
0.0512,-0.585938
0.05125,-0.576782
0.0513,-0.582886
0.05135,-0.576782
0.0514,-0.582886
0.05145,-0.57373
0.0515,-0.576782
0.05155,-0.576782
0.0516,-0.576782
0.05165,-0.57373
0.0517,-0.579834
0.05175,-0.576782
0.0518,-0.570679
0.05185,-0.588989
0.0519,-0.576782
0.05195,-0.588989
0.052,-0.579834
0.05205,-0.579834
0.0521,-0.585938
0.05215,-0.576782
0.0522,-0.588989
0.05225,-0.57373
0.0523,-0.592041
0.05235,-0.588989
0.0524,-0.588989
0.05245,-0.585938
0.0525,-0.576782
0.05255,-0.588989
0.0526,-0.582886
0.05265,-0.592041
0.0527,-0.57373
0.05275,-0.585938
0.0528,-0.585938
0.05285,-0.570679
0.0529,-0.592041
0.05295,-0.585938
0.053,-0.588989
0.05305,-0.585938
0.0531,-0.588989
0.05315,-0.585938
0.0532,-0.576782
0.05325,-0.595093
0.0533,-0.57373
0.05335,-0.592041
0.0534,-0.570679
0.05345,-0.582886
0.0535,-0.576782
0.05355,-0.576782
0.0536,-0.604248
0.05365,-0.585938
0.0537,-0.601196
0.05375,-0.585938
0.0538,-0.585938
0.05385,-0.579834
0.0539,-0.588989
0.05395,-0.582886
0.054,-0.582886
0.05405,-0.585938
0.0541,-0.576782
0.05415,-0.585938
0.0542,-0.576782
0.05425,-0.57373
0.0543,-0.579834
0.05435,-0.579834
0.0544,-0.588989
0.05445,-0.588989
0.0545,-0.595093
0.05455,-0.588989
0.0546,-0.598145
0.05465,-0.595093
0.0547,-0.588989
0.05475,-0.582886
0.0548,-0.57373
0.05485,-0.585938
0.0549,-0.582886
0.05495,-0.595093
0.055,-0.576782
0.05505,-0.567627
0.0551,-0.576782
0.05515,-0.582886
0.0552,-0.598145
0.05525,-0.57373
0.0553,-0.579834
0.05535,-0.585938
0.0554,-0.585938
0.05545,-0.579834
0.0555,-0.576782
0.05555,-0.576782
0.0556,-0.561523
0.05565,-0.57373
0.0557,-0.576782
0.05575,-0.576782
0.0558,-0.588989
0.05585,-0.585938
0.0559,-0.592041
0.05595,-0.576782
0.056,-0.598145
0.05605,-0.582886
0.0561,-0.592041
0.05615,-0.582886
0.0562,-0.598145
0.05625,-0.598145
0.0563,-0.570679
0.05635,-0.592041
0.0564,-0.585938
0.05645,-0.598145
0.0565,-0.567627
0.05655,-0.579834
0.0566,-0.585938
0.05665,-0.585938
0.0567,-0.598145
0.05675,-0.579834
0.0568,-0.595093
0.05685,-0.576782
0.0569,-0.582886
0.05695,-0.576782
0.057,-0.57373
0.05705,-0.585938
0.0571,-0.570679
0.05715,-0.588989
0.0572,-0.570679
0.05725,-0.582886
0.0573,-0.582886
0.05735,-0.588989
0.0574,-0.588989
0.05745,-0.585938
0.0575,-0.601196
0.05755,-0.576782
0.0576,-0.582886
0.05765,-0.585938
0.0577,-0.592041
0.05775,-0.595093
0.0578,-0.57373
0.05785,-0.588989
0.0579,-0.582886
0.05795,-0.604248
0.058,-0.582886
0.05805,-0.588989
0.0581,-0.576782
0.05815,-0.567627
0.0582,-0.585938
0.05825,-0.57373
0.0583,-0.588989
0.05835,-0.582886
0.0584,-0.588989
0.05845,-0.588989
0.0585,-0.57373
0.05855,-0.592041
0.0586,-0.588989
0.05865,-0.598145
0.0587,-0.585938
0.05875,-0.592041
0.0588,-0.582886
0.05885,-0.582886
0.0589,-0.582886
0.05895,-0.585938
0.059,-0.595093
0.05905,-0.582886
0.0591,-0.598145
0.05915,-0.582886
0.0592,-0.585938
0.05925,-0.585938
0.0593,-0.585938
0.05935,-0.585938
0.0594,-0.582886
0.05945,-0.598145
0.0595,-0.582886
0.05955,-0.582886
0.0596,-0.57373
0.05965,-0.576782
0.0597,-0.576782
0.05975,-0.57373
0.0598,-0.579834
0.05985,-0.561523
0.0599,-0.576782
0.05995,-0.570679
0.06,-0.561523
0.06005,-0.558472
0.0601,-0.537109
0.06015,-0.552368
0.0602,-0.543213
0.06025,-0.543213
0.0603,-0.540161
0.06035,-0.540161
0.0604,-0.527954
0.06045,-0.521851
0.0605,-0.527954
0.06055,-0.506592
0.0606,-0.515747
0.06065,-0.500488
0.0607,-0.500488
0.06075,-0.491333
0.0608,-0.476074
0.06085,-0.476074
0.0609,-0.45166
0.06095,-0.476074
0.061,-0.448608
0.06105,-0.448608
0.0611,-0.424194
0.06115,-0.424194
0.0612,-0.411987
0.06125,-0.390625
0.0613,-0.405884
0.06135,-0.369263
0.0614,-0.378418
0.06145,-0.357056
0.0615,-0.338745
0.06155,-0.338745
0.0616,-0.32959
0.06165,-0.32959
0.0617,-0.299072
0.06175,-0.289917
0.0618,-0.262451
0.06185,-0.262451
0.0619,-0.244141
0.06195,-0.222778
0.062,-0.219727
0.06205,-0.177002
0.0621,-0.177002
0.06215,-0.143433
0.0622,-0.140381
0.06225,-0.125122
0.0623,-0.100708
0.06235,-0.0793457
0.0624,-0.0518799
0.06245,-0.0457764
0.0625,-0.012207
0.06255,-0.0152588
0.0626,0.0213623
0.06265,0.0396729
0.0627,0.0640869
0.06275,0.0854492
0.0628,0.100708
0.06285,0.140381
0.0629,0.158691
0.06295,0.189209
0.063,0.201416
0.06305,0.231934
0.0631,0.262451
0.06315,0.280762
0.0632,0.320435
0.06325,0.326538
0.0633,0.369263
0.06335,0.396729
0.0634,0.43335
0.06345,0.463867
0.0635,0.488281
0.06355,0.527954
0.0636,0.549316
0.06365,0.585938
0.0637,0.601196
0.06375,0.631714
0.0638,0.671387
0.06385,0.698853
0.0639,0.726318
0.06395,0.750732
0.064,0.799561
0.06405,0.83313
0.0641,0.872803
0.06415,0.90332
0.0642,0.93689
0.06425,0.991821
0.0643,1.00403
0.06435,1.05286
0.0644,1.07727
0.06445,1.1261
0.0645,1.15051
0.06455,1.18408
0.0646,1.22681
0.06465,1.26343
0.0647,1.3092
0.06475,1.32751
0.0648,1.3855
0.06485,1.41907
0.0649,1.45264
0.06495,1.48926
0.065,1.52893
0.06505,1.57166
0.0651,1.58997
0.06515,1.6449
0.0652,1.68152
0.06525,1.72729
0.0653,1.76697
0.06535,1.81274
0.0654,1.86768
0.06545,1.89514
0.0655,1.94397
0.06555,1.98975
0.0656,2.03247
0.06565,2.0813
0.0657,2.13013
0.06575,2.17285
0.0658,2.20337
0.06585,2.27051
0.0659,2.29492
0.06595,2.35291
0.066,2.37122
0.06605,2.4292
0.0661,2.48108
0.06615,2.5177
0.0662,2.56653
0.06625,2.59399
0.0663,2.65198
0.06635,2.6825
0.0664,2.74658
0.06645,2.79541
0.0665,2.83813
0.06655,2.89307
0.0666,2.92358
0.06665,2.99683
0.0667,3.02429
0.06675,3.08533
0.0668,3.12805
0.06685,3.18604
0.0669,3.23486
0.06695,3.27454
0.067,3.32947
0.06705,3.36609
0.0671,3.42102
0.06715,3.4668
0.0672,3.51563
0.06725,3.56445
0.0673,3.59802
0.06735,3.65906
0.0674,3.70178
0.06745,3.76282
0.0675,3.79639
0.06755,3.85437
0.0676,3.89709
0.06765,3.94592
0.0677,4.00085
0.06775,4.04663
0.0678,4.11377
0.06785,4.15955
0.0679,4.21753
0.06795,4.26331
0.068,4.30298
0.06805,4.35791
0.0681,4.41284
0.06815,4.47693
0.0682,4.50745
0.06825,4.57153
0.0683,4.62036
0.06835,4.66614
0.0684,4.71497
0.06845,4.7699
0.0685,4.83093
0.06855,4.86755
0.0686,4.93469
0.06865,4.98047
0.0687,5.04761
0.06875,5.09338
0.0688,5.14526
0.06885,5.19714
0.0689,5.23987
0.06895,5.30701
0.069,5.35889
0.06905,5.41992
0.0691,5.46875
0.06915,5.51758
0.0692,5.57556
0.06925,5.61829
0.0693,5.68237
0.06935,5.7373
0.0694,5.79834
0.06945,5.85632
0.0695,5.91431
0.06955,5.96924
0.0696,5.99976
0.06965,6.06689
0.0697,6.11267
0.06975,6.17981
0.0698,6.23169
0.06985,6.29272
0.0699,6.34155
0.06995,6.39343
0.07,6.45752
0.07005,6.49414
0.0701,6.57043
0.07015,6.61621
0.0702,6.67725
0.07025,6.72607
0.0703,6.79016
0.07035,6.85425
0.0704,6.89392
0.07045,6.95801
0.0705,7.00073
0.07055,7.06177
0.0706,7.11365
0.07065,7.16248
0.0707,7.23572
0.07075,7.27539
0.0708,7.34253
0.07085,7.39136
0.0709,7.45239
0.07095,7.49817
0.071,7.5592
0.07105,7.61414
0.0711,7.66602
0.07115,7.73315
0.0712,7.78503
0.07125,7.85217
0.0713,7.89185
0.07135,7.95288
0.0714,8.00781
0.07145,8.0658
0.0715,8.13293
0.07155,8.16956
0.0716,8.22754
0.07165,8.28552
0.0717,8.36487
0.07175,8.41675
0.0718,8.46558
0.07185,8.52051
0.0719,8.57544
0.07195,8.64868
0.072,8.68225
0.07205,8.7616
0.0721,8.81653
0.07215,8.88672
0.0722,8.94165
0.07225,8.97827
0.0723,9.05457
0.07235,9.10034
0.0724,9.16443
0.07245,9.20715
0.0725,9.26514
0.07255,9.33533
0.0726,9.39331
0.07265,9.44519
0.0727,9.49402
0.07275,9.56421
0.0728,9.61609
0.07285,9.67407
0.0729,9.7229
0.07295,9.79919
0.073,9.84802
0.07305,9.8877
0.0731,9.97314
0.07315,10.0189
0.0732,10.083
0.07325,10.1349
0.0733,10.1929
0.07335,10.26
0.0734,10.3058
0.07345,10.3668
0.0735,10.4187
0.07355,10.4767
0.0736,10.5286
0.07365,10.5835
0.0737,10.6659
0.07375,10.7117
0.0738,10.7758
0.07385,10.8154
0.0739,10.8734
0.07395,10.9253
0.074,10.9894
0.07405,11.0443
0.0741,11.0992
0.07415,11.1572
0.0742,11.203
0.07425,11.2885
0.0743,11.319
0.07435,11.3892
0.0744,11.441
0.07445,11.5112
0.0745,11.5692
0.07455,11.6119
0.0746,11.6699
0.07465,11.7218
0.0747,11.7828
0.07475,11.8408
0.0748,11.9049
0.07485,11.9568
0.0749,12.0148
0.07495,12.0758
0.075,12.1155
0.07505,12.1857
0.0751,12.2345
0.07515,12.3047
0.0752,12.3596
0.07525,12.4084
0.0753,12.4756
0.07535,12.5305
0.0754,12.5885
0.07545,12.6312
0.0755,12.6953
0.07555,12.738
0.0756,12.8052
0.07565,12.8723
0.0757,12.9181
0.07575,12.9913
0.0758,13.028
0.07585,13.089
0.0759,13.147
0.07595,13.205
0.076,13.269
0.07605,13.3148
0.0761,13.3759
0.07615,13.4277
0.0762,13.4918
0.07625,13.5406
0.0763,13.6047
0.07635,13.6566
0.0764,13.7054
0.07645,13.7634
0.0765,13.8275
0.07655,13.8947
0.0766,13.9404
0.07665,13.9923
0.0767,14.0503
0.07675,14.1022
0.0768,14.1693
0.07685,14.209
0.0769,14.2761
0.07695,14.3219
0.077,14.389
0.07705,14.447
0.0771,14.505
0.07715,14.5569
0.0772,14.6027
0.07725,14.679
0.0773,14.7125
0.07735,14.7858
0.0774,14.8438
0.07745,14.8987
0.0775,14.9445
0.07755,14.9994
0.0776,15.0665
0.07765,15.1123
0.0777,15.1794
0.07775,15.2374
0.0778,15.2985
0.07785,15.332
0.0779,15.3931
0.07795,15.448
0.078,15.4907
0.07805,15.5548
0.0781,15.5945
0.07815,15.6525
0.0782,15.7013
0.07825,15.7654
0.0783,15.8173
0.07835,15.8478
0.0784,15.9149
0.07845,15.9546
0.0785,16.0095
0.07855,16.0522
0.0786,16.1102
0.07865,16.1591
0.0787,16.2018
0.07875,16.2628
0.0788,16.2933
0.07885,16.3544
0.0789,16.3818
0.07895,16.4459
0.079,16.4886
0.07905,16.5222
0.0791,16.5741
0.07915,16.6016
0.0792,16.6504
0.07925,16.6931
0.0793,16.748
0.07935,16.7786
0.0794,16.8243
0.07945,16.8762
0.0795,16.9128
0.07955,16.9556
0.0796,16.9952
0.07965,17.0319
0.0797,17.0654
0.07975,17.1204
0.0798,17.1478
0.07985,17.1722
0.0799,17.218
0.07995,17.2424
0.08,17.3035
0.08005,17.3218
0.0801,17.3676
0.08015,17.3889
0.0802,17.4225
0.08025,17.4622
0.0803,17.4774
0.08035,17.5201
0.0804,17.5415
0.08045,17.5842
0.0805,17.6117
0.08055,17.627
0.0806,17.6575
0.08065,17.688
0.0807,17.7429
0.08075,17.749
0.0808,17.7856
0.08085,17.8192
0.0809,17.8406
0.08095,17.868
0.081,17.8772
0.08105,17.9138
0.0811,17.9291
0.08115,17.9596
0.0812,17.9657
0.08125,18.0054
0.0813,18.0267
0.08135,18.0359
0.0814,18.0664
0.08145,18.0878
0.0815,18.1244
0.08155,18.1183
0.0816,18.1549
0.08165,18.1793
0.0817,18.1946
0.08175,18.2129
0.0818,18.2251
0.08185,18.2617
0.0819,18.2526
0.08195,18.277
0.082,18.2983
0.08205,18.3136
0.0821,18.3228
0.08215,18.3258
0.0822,18.3563
0.08225,18.3472
0.0823,18.3746
0.08235,18.3929
0.0824,18.4174
0.08245,18.4204
0.0825,18.4326
0.08255,18.4509
0.0826,18.4479
0.08265,18.4723
0.0827,18.4753
0.08275,18.5059
0.0828,18.4906
0.08285,18.5089
0.0829,18.5242
0.08295,18.5211
0.083,18.5608
0.08305,18.5577
0.0831,18.573
0.08315,18.576
0.0832,18.5913
0.08325,18.6127
0.0833,18.6127
0.08335,18.6371
0.0834,18.6218
0.08345,18.6401
0.0835,18.6462
0.08355,18.6615
0.0836,18.6768
0.08365,18.6737
0.0837,18.6829
0.08375,18.6768
0.0838,18.6981
0.08385,18.6859
0.0839,18.7042
0.08395,18.7042
0.084,18.7164
0.08405,18.7225
0.0841,18.7256
0.08415,18.7469
0.0842,18.7378
0.08425,18.7683
0.0843,18.7683
0.08435,18.7683
0.0844,18.7927
0.08445,18.7927
0.0845,18.8049
0.08455,18.7988
0.0846,18.8263
0.08465,18.8202
0.0847,18.8293
0.08475,18.8354
0.0848,18.8385
0.08485,18.8507
0.0849,18.8354
0.08495,18.8568
0.085,18.8507
0.08505,18.8568
0.0851,18.8599
0.08515,18.866
0.0852,18.8721
0.08525,18.8751
0.0853,18.8934
0.08535,18.8721
0.0854,18.8904
0.08545,18.8904
0.0855,18.8873
0.08555,18.8934
0.0856,18.8995
0.08565,18.9117
0.0857,18.9026
0.08575,18.9148
0.0858,18.9117
0.08585,18.9209
0.0859,18.9087
0.08595,18.9178
0.086,18.9331
0.08605,18.9117
0.0861,18.9392
0.08615,18.927
0.0862,18.9362
0.08625,18.9301
0.0863,18.9301
0.08635,18.9423
0.0864,18.9362
0.08645,18.9545
0.0865,18.9423
0.08655,18.9453
0.0866,18.9392
0.08665,18.9362
0.0867,18.9545
0.08675,18.9484
0.0868,18.9575
0.08685,18.9484
0.0869,18.9453
0.08695,18.9453
0.087,18.9545
0.08705,18.9636
0.0871,18.9453
0.08715,18.9606
0.0872,18.9545
0.08725,18.9697
0.0873,18.9667
0.08735,18.9667
0.0874,18.9514
0.08745,18.9453
0.0875,18.9636
0.08755,18.9636
0.0876,18.9758
0.08765,18.9606
0.0877,18.9575
0.08775,18.9575
0.0878,18.9667
0.08785,18.985
0.0879,18.9697
0.08795,18.9758
0.088,18.9545
0.08805,18.9819
0.0881,18.9789
0.08815,18.9758
0.0882,18.9728
0.08825,18.9697
0.0883,18.985
0.08835,18.9728
0.0884,18.9911
0.08845,18.9758
0.0885,18.9758
0.08855,18.985
0.0886,18.9819
0.08865,18.9758
0.0887,18.9697
0.08875,18.9819
0.0888,18.9728
0.08885,18.9819
0.0889,18.9697
0.08895,18.9728
0.089,18.9728
0.08905,18.9575
0.0891,18.9697
0.08915,18.9697
0.0892,18.985
0.08925,18.9789
0.0893,18.9728
0.08935,18.9758
0.0894,18.9728
0.08945,18.9789
0.0895,18.9545
0.08955,18.9789
0.0896,18.9728
0.08965,18.985
0.0897,18.988
0.08975,18.985
0.0898,19.0063
0.08985,18.988
0.0899,18.988
0.08995,18.9819
0.09,18.9911
0.09005,18.985
0.0901,18.9758
0.09015,19.0002
0.0902,18.988
0.09025,18.9911
0.0903,18.9819
0.09035,18.9911
0.0904,18.9819
0.09045,18.988
0.0905,19.0033
0.09055,18.9819
0.0906,18.988
0.09065,18.9941
0.0907,18.9972
0.09075,18.988
0.0908,18.985
0.09085,19.0002
0.0909,18.988
0.09095,18.9819
0.091,18.9789
0.09105,18.9972
0.0911,18.9789
0.09115,18.9819
0.0912,18.9789
0.09125,18.9667
0.0913,18.985
0.09135,18.9697
0.0914,18.985
0.09145,18.9758
0.0915,18.985
0.09155,18.988
0.0916,18.9789
0.09165,18.9972
0.0917,18.988
0.09175,19.0033
0.0918,18.9941
0.09185,19.0002
0.0919,18.985
0.09195,18.988
0.092,18.9911
0.09205,18.988
0.0921,19.0063
0.09215,18.9789
0.0922,19.0033
0.09225,18.9911
0.0923,18.9941
0.09235,18.9941
0.0924,18.9941
0.09245,18.9941
0.0925,18.985
0.09255,19.0063
0.0926,18.9911
0.09265,18.9972
0.0927,18.988
0.09275,18.985
0.0928,18.985
0.09285,18.9758
0.0929,18.9941
0.09295,18.9789
0.093,18.988
0.09305,18.9819
0.0931,18.985
0.09315,18.9972
0.0932,18.9819
0.09325,19.0002
0.0933,18.9728
0.09335,18.988
0.0934,18.9758
0.09345,18.9789
0.0935,18.9758
0.09355,18.9697
0.0936,18.985
0.09365,18.9728
0.0937,18.9819
0.09375,18.9636
0.0938,18.9728
0.09385,18.9606
0.0939,18.9606
0.09395,18.9728
0.094,18.9667
0.09405,18.9819
0.0941,18.9636
0.09415,18.9636
0.0942,18.9667
0.09425,18.9728
0.0943,18.9728
0.09435,18.9667
0.0944,18.9911
0.09445,18.9636
0.0945,18.9819
0.09455,18.9667
0.0946,18.9697
0.09465,18.9819
0.0947,18.9728
0.09475,18.9911
0.0948,18.9697
0.09485,18.9697
0.0949,18.9636
0.09495,18.9728
0.095,18.9819
0.09505,18.985
0.0951,18.9911
0.09515,18.9667
0.0952,18.9758
0.09525,18.9697
0.0953,18.9819
0.09535,18.9728
0.0954,18.9667
0.09545,18.9697
0.0955,18.9575
0.09555,18.9728
0.0956,18.9636
0.09565,18.9758
0.0957,18.9545
0.09575,18.9484
0.0958,18.9514
0.09585,18.9484
0.0959,18.9606
0.09595,18.9484
0.096,18.9667
0.09605,18.9575
0.0961,18.9697
0.09615,18.9697
0.0962,18.9575
0.09625,18.9636
0.0963,18.9545
0.09635,18.9667
0.0964,18.9545
0.09645,18.9667
0.0965,18.9606
0.09655,18.9545
0.0966,18.9697
0.09665,18.9484
0.0967,18.9667
0.09675,18.9514
0.0968,18.9697
0.09685,18.9636
0.0969,18.9545
0.09695,18.9545
0.097,18.9514
0.09705,18.9697
0.0971,18.9606
0.09715,18.9728
0.0972,18.9636
0.09725,18.9697
0.0973,18.9728
0.09735,18.9606
0.0974,18.9697
0.09745,18.9514
0.0975,18.9697
0.09755,18.9575
0.0976,18.9667
0.09765,18.9697
0.0977,18.9728
0.09775,18.9789
0.0978,18.9575
0.09785,18.9789
0.0979,18.9667
0.09795,18.9636
0.098,18.9667
0.09805,18.9606
0.0981,18.9667
0.09815,18.9575
0.0982,18.9636
0.09825,18.9575
0.0983,18.9697
0.09835,18.9514
0.0984,18.9575
0.09845,18.9667
0.0985,18.9606
0.09855,18.9636
0.0986,18.9514
0.09865,18.9667
0.0987,18.9606
0.09875,18.9606
0.0988,18.9667
0.09885,18.9606
0.0989,18.9636
0.09895,18.9484
0.099,18.9667
0.09905,18.9575
0.0991,18.9545
0.09915,18.9667
0.0992,18.9728
0.09925,18.9636
0.0993,18.9484
0.09935,18.9667
0.0994,18.9545
0.09945,18.9697
0.0995,18.9606
0.09955,18.9667
0.0996,18.9697
0.09965,18.9545
0.0997,18.9789
0.09975,18.9606
0.0998,18.9697
0.09985,18.9514
0.0999,18.9606
0.09995,18.9697
0.1,18.9575
0.10005,18.9728
0.1001,18.9545
0.10015,18.9728
0.1002,18.9606
0.10025,18.9728
0.1003,18.9575
0.10035,18.9545
0.1004,18.9575
0.10045,18.9423
0.1005,18.9636
0.10055,18.9545
0.1006,18.9575
0.10065,18.9392
0.1007,18.9575
0.10075,18.9728
0.1008,18.9667
0.10085,18.9819
0.1009,18.9606
0.10095,18.9789
0.101,18.9636
0.10105,18.9606
0.1011,18.9667
0.10115,18.9545
0.1012,18.9636
0.10125,18.9606
0.1013,18.9758
0.10135,18.9606
0.1014,18.9667
0.10145,18.9606
0.1015,18.9484
0.10155,18.9545
0.1016,18.9453
0.10165,18.9575
0.1017,18.9484
0.10175,18.9545
0.1018,18.9575
0.10185,18.9697
0.1019,18.9789
0.10195,18.9697
0.102,18.9728
0.10205,18.9514
0.1021,18.9697
0.10215,18.9728
0.1022,18.9667
0.10225,18.9667
0.1023,18.9636
0.10235,18.9697
0.1024,18.9545
0.10245,18.9667
0.1025,18.9545
0.10255,18.9667
0.1026,18.9667
0.10265,18.9667
0.1027,18.9697
0.10275,18.9545
0.1028,18.9667
0.10285,18.9514
0.1029,18.9575
0.10295,18.9545
0.103,18.9636
0.10305,18.9697
0.1031,18.9575
0.10315,18.9667
0.1032,18.9453
0.10325,18.9575
0.1033,18.9545
0.10335,18.9575
0.1034,18.9667
0.10345,18.9514
0.1035,18.9636
0.10355,18.9575
0.1036,18.9819
0.10365,18.9667
0.1037,18.9789
0.10375,18.9636
0.1038,18.9545
0.10385,18.9789
0.1039,18.9606
0.10395,18.9758
0.104,18.9606
0.10405,18.9606
0.1041,18.9667
0.10415,18.9636
0.1042,18.9636
0.10425,18.9484
0.1043,18.9545
0.10435,18.9423
0.1044,18.9545
0.10445,18.9606
0.1045,18.9606
0.10455,18.9606
0.1046,18.9514
0.10465,18.9575
0.1047,18.9514
0.10475,18.9636
0.1048,18.9484
0.10485,18.9484
0.1049,18.9606
0.10495,18.9636
0.105,18.9636
0.10505,18.9453
0.1051,18.9606
0.10515,18.9453
0.1052,18.9606
0.10525,18.9575
0.1053,18.9453
0.10535,18.9606
0.1054,18.9545
0.10545,18.9606
0.1055,18.9484
0.10555,18.9606
0.1056,18.9575
0.10565,18.9575
0.1057,18.9575
0.10575,18.9606
0.1058,18.9667
0.10585,18.9453
0.1059,18.9545
0.10595,18.9514
0.106,18.9606
0.10605,18.9575
0.1061,18.9575
0.10615,18.9575
0.1062,18.9545
0.10625,18.9667
0.1063,18.9545
0.10635,18.9697
0.1064,18.9667
0.10645,18.9636
0.1065,18.9636
0.10655,18.9453
0.1066,18.9728
0.10665,18.9606
0.1067,18.9636
0.10675,18.9606
0.1068,18.9636
0.10685,18.9545
0.1069,18.9545
0.10695,18.9758
0.107,18.9575
0.10705,18.9606
0.1071,18.9514
0.10715,18.9484
0.1072,18.9423
0.10725,18.9453
0.1073,18.9667
0.10735,18.9514
0.1074,18.9545
0.10745,18.9484
0.1075,18.9575
0.10755,18.9453
0.1076,18.9423
0.10765,18.9484
0.1077,18.9362
0.10775,18.9484
0.1078,18.9423
0.10785,18.9667
0.1079,18.9545
0.10795,18.9545
0.108,18.9606
0.10805,18.9423
0.1081,18.9606
0.10815,18.9453
0.1082,18.9453
0.10825,18.9423
0.1083,18.9484
0.10835,18.9514
0.1084,18.9545
0.10845,18.9636
0.1085,18.9484
0.10855,18.9575
0.1086,18.9453
0.10865,18.9514
0.1087,18.9514
0.10875,18.9423
0.1088,18.9453
0.10885,18.9392
0.1089,18.9484
0.10895,18.9331
0.109,18.9514
0.10905,18.9453
0.1091,18.9453
0.10915,18.9514
0.1092,18.9423
0.10925,18.9606
0.1093,18.9362
0.10935,18.9484
0.1094,18.9453
0.10945,18.9453
0.1095,18.9514
0.10955,18.9514
0.1096,18.9667
0.10965,18.9362
0.1097,18.9606
0.10975,18.9606
0.1098,18.9606
0.10985,18.9667
0.1099,18.9514
0.10995,18.9545
0.11,18.9423
0.11005,18.9606
0.1101,18.9453
0.11015,18.9606
0.1102,18.9575
0.11025,18.9484
0.1103,18.9484
0.11035,18.9453
0.1104,18.9575
0.11045,18.9301
0.1105,18.9453
0.11055,18.9484
0.1106,18.9514
0.11065,18.9667
0.1107,18.9423
0.11075,18.9606
0.1108,18.9331
0.11085,18.9484
0.1109,18.9453
0.11095,18.9484
0.111,18.9484
0.11105,18.9392
0.1111,18.9484
0.11115,18.9362
0.1112,18.9514
0.11125,18.9423
0.1113,18.9453
0.11135,18.9423
0.1114,18.9453
0.11145,18.9392
0.1115,18.9392
0.11155,18.9453
0.1116,18.9423
0.11165,18.9423
0.1117,18.9392
0.11175,18.9545
0.1118,18.9423
0.11185,18.9423
0.1119,18.9545
0.11195,18.927
0.112,18.9453
0.11205,18.9331
0.1121,18.9362
0.11215,18.9392
0.1122,18.9301
0.11225,18.9453
0.1123,18.9453
0.11235,18.9514
0.1124,18.9453
0.11245,18.9453
0.1125,18.9484
0.11255,18.9423
0.1126,18.9484
0.11265,18.927
0.1127,18.9423
0.11275,18.9301
0.1128,18.9453
0.11285,18.9362
0.1129,18.9362
0.11295,18.9362
0.113,18.927
0.11305,18.9362
0.1131,18.927
0.11315,18.9392
0.1132,18.9392
0.11325,18.9392
0.1133,18.9484
0.11335,18.9331
0.1134,18.9514
0.11345,18.9362
0.1135,18.9453
0.11355,18.927
0.1136,18.9362
0.11365,18.9331
0.1137,18.9362
0.11375,18.9453
0.1138,18.9331
0.11385,18.9392
0.1139,18.9209
0.11395,18.9362
0.114,18.9362
0.11405,18.9453
0.1141,18.9545
0.11415,18.9392
0.1142,18.9514
0.11425,18.924
0.1143,18.9514
0.11435,18.9453
0.1144,18.9453
0.11445,18.9575
0.1145,18.9514
0.11455,18.9667
0.1146,18.9453
0.11465,18.9514
0.1147,18.9514
0.11475,18.9514
0.1148,18.9514
0.11485,18.9453
0.1149,18.9514
0.11495,18.9362
0.115,18.9514
0.11505,18.9362
0.1151,18.9545
0.11515,18.9545
0.1152,18.9423
0.11525,18.9484
0.1153,18.9362
0.11535,18.9514
0.1154,18.9423
0.11545,18.9484
0.1155,18.9575
0.11555,18.9514
0.1156,18.9575
0.11565,18.9453
0.1157,18.9545
0.11575,18.9423
0.1158,18.9575
0.11585,18.9545
0.1159,18.9514
0.11595,18.9514
0.116,18.9545
0.11605,18.9667
0.1161,18.9453
0.11615,18.9606
0.1162,18.9453
0.11625,18.9575
0.1163,18.9667
0.11635,18.9606
0.1164,18.9545
0.11645,18.9453
0.1165,18.9606
0.11655,18.9484
0.1166,18.9606
0.11665,18.9545
0.1167,18.9514
0.11675,18.9697
0.1168,18.9575
0.11685,18.9697
0.1169,18.9606
0.11695,18.9575
0.117,18.9392
0.11705,18.9453
0.1171,18.9575
0.11715,18.9453
0.1172,18.9514
0.11725,18.9423
0.1173,18.9575
0.11735,18.9484
0.1174,18.9575
0.11745,18.9575
0.1175,18.9514
0.11755,18.9575
0.1176,18.9484
0.11765,18.9606
0.1177,18.9484
0.11775,18.9606
0.1178,18.9545
0.11785,18.9606
0.1179,18.9575
0.11795,18.9606
0.118,18.9667
0.11805,18.9423
0.1181,18.9606
0.11815,18.9484
0.1182,18.9392
0.11825,18.9514
0.1183,18.9392
0.11835,18.9514
0.1184,18.9331
0.11845,18.9514
0.1185,18.9453
0.11855,18.9423
0.1186,18.9484
0.11865,18.9514
0.1187,18.9545
0.11875,18.9423
0.1188,18.9575
0.11885,18.9484
0.1189,18.9545
0.11895,18.9575
0.119,18.9514
0.11905,18.9423
0.1191,18.9362
0.11915,18.9484
0.1192,18.9362
0.11925,18.9392
0.1193,18.9423
0.11935,18.9484
0.1194,18.9575
0.11945,18.9423
0.1195,18.9545
0.11955,18.9362
0.1196,18.9453
0.11965,18.9423
0.1197,18.9514
0.11975,18.9392
0.1198,18.9301
0.11985,18.9453
0.1199,18.927
0.11995,18.9484
0.12,18.9484
0.12005,18.9545
0.1201,18.9423
0.12015,18.9453
0.1202,18.9514
0.12025,18.9392
0.1203,18.9575
0.12035,18.9423
0.1204,18.9484
0.12045,18.9392
0.1205,18.9545
0.12055,18.9575
0.1206,18.9453
0.12065,18.9545
0.1207,18.9362
0.12075,18.9484
0.1208,18.9453
0.12085,18.9514
0.1209,18.9606
0.12095,18.9392
0.121,18.9575
0.12105,18.9392
0.1211,18.9514
0.12115,18.9514
0.1212,18.9453
0.12125,18.9484
0.1213,18.9484
0.12135,18.9545
0.1214,18.9453
0.12145,18.9484
0.1215,18.9423
0.12155,18.9545
0.1216,18.9514
0.12165,18.9453
0.1217,18.9514
0.12175,18.9423
0.1218,18.9575
0.12185,18.9484
0.1219,18.9606
0.12195,18.9453
0.122,18.9423
0.12205,18.9423
0.1221,18.927
0.12215,18.9331
0.1222,18.927
0.12225,18.9484
0.1223,18.9392
0.12235,18.9423
0.1224,18.9423
0.12245,18.9392
0.1225,18.9484
0.12255,18.9453
0.1226,18.9545
0.12265,18.9331
0.1227,18.9575
0.12275,18.9545
0.1228,18.9545
0.12285,18.9667
0.1229,18.9575
0.12295,18.9575
0.123,18.9392
0.12305,18.9606
0.1231,18.9575
0.12315,18.9484
0.1232,18.9453
0.12325,18.9514
0.1233,18.9545
0.12335,18.9362
0.1234,18.9484
0.12345,18.9301
0.1235,18.9362
0.12355,18.9392
0.1236,18.9392
0.12365,18.9545
0.1237,18.9362
0.12375,18.9514
0.1238,18.9423
0.12385,18.9362
0.1239,18.9392
0.12395,18.9514
0.124,18.9575
0.12405,18.9301
0.1241,18.9453
0.12415,18.9392
0.1242,18.9392
0.12425,18.9423
0.1243,18.9453
0.12435,18.9453
0.1244,18.9453
0.12445,18.9636
0.1245,18.9545
0.12455,18.9575
0.1246,18.9575
0.12465,18.9606
0.1247,18.9575
0.12475,18.9484
0.1248,18.9636
0.12485,18.9514
0.1249,18.9575
0.12495,18.9453
0.125,18.9575
0.12505,18.9545
0.1251,18.9484
0.12515,18.9636
0.1252,18.9392
0.12525,18.9484
0.1253,18.9362
0.12535,18.9514
0.1254,18.9362
0.12545,18.9453
0.1255,18.9545
0.12555,18.9392
0.1256,18.9606
0.12565,18.9453
0.1257,18.9575
0.12575,18.9392
0.1258,18.9484
0.12585,18.9484
0.1259,18.9392
0.12595,18.9453
0.126,18.9331
0.12605,18.9453
0.1261,18.927
0.12615,18.9392
0.1262,18.9545
0.12625,18.9362
0.1263,18.9514
0.12635,18.9392
0.1264,18.9545
0.12645,18.9453
0.1265,18.9575
0.12655,18.9545
0.1266,18.9423
0.12665,18.9484
0.1267,18.9453
0.12675,18.9484
0.1268,18.9423
0.12685,18.9514
0.1269,18.9453
0.12695,18.9423
0.127,18.9514
0.12705,18.9392
0.1271,18.9423
0.12715,18.9331
0.1272,18.9453
0.12725,18.9453
0.1273,18.9514
0.12735,18.9423
0.1274,18.9514
0.12745,18.9484
0.1275,18.9392
0.12755,18.9484
0.1276,18.9362
0.12765,18.9484
0.1277,18.9392
0.12775,18.9453
0.1278,18.9362
0.12785,18.9331
0.1279,18.9484
0.12795,18.9514
0.128,18.9453
0.12805,18.9484
0.1281,18.9514
0.12815,18.9331
0.1282,18.927
0.12825,18.9423
0.1283,18.9331
0.12835,18.9545
0.1284,18.9514
0.12845,18.9453
0.1285,18.9453
0.12855,18.927
0.1286,18.9484
0.12865,18.9392
0.1287,18.9453
0.12875,18.9484
0.1288,18.9514
0.12885,18.9392
0.1289,18.9423
0.12895,18.9606
0.129,18.9392
0.12905,18.9484
0.1291,18.9362
0.12915,18.9514
0.1292,18.9423
0.12925,18.9484
0.1293,18.9514
0.12935,18.9362
0.1294,18.9392
0.12945,18.9331
0.1295,18.9484
0.12955,18.9362
0.1296,18.9392
0.12965,18.9392
0.1297,18.9392
0.12975,18.9453
0.1298,18.9301
0.12985,18.9453
0.1299,18.9362
0.12995,18.9392
0.13,18.9453
0.13005,18.9423
0.1301,18.9392
0.13015,18.927
0.1302,18.9514
0.13025,18.924
0.1303,18.9362
0.13035,18.9362
0.1304,18.9423
0.13045,18.9453
0.1305,18.9331
0.13055,18.9392
0.1306,18.927
0.13065,18.9423
0.1307,18.9301
0.13075,18.9362
0.1308,18.9392
0.13085,18.9301
0.1309,18.9331
0.13095,18.9209
0.131,18.9362
0.13105,18.9331
0.1311,18.9362
0.13115,18.9301
0.1312,18.927
0.13125,18.9392
0.1313,18.924
0.13135,18.9453
0.1314,18.9301
0.13145,18.9362
0.1315,18.9301
0.13155,18.9331
0.1316,18.9423
0.13165,18.9331
0.1317,18.9423
0.13175,18.924
0.1318,18.9392
0.13185,18.9301
0.1319,18.927
0.13195,18.9301
0.132,18.9331
0.13205,18.9392
0.1321,18.924
0.13215,18.9423
0.1322,18.9392
0.13225,18.9392
0.1323,18.9423
0.13235,18.9484
0.1324,18.9545
0.13245,18.9331
0.1325,18.9453
0.13255,18.9362
0.1326,18.9423
0.13265,18.9362
0.1327,18.9392
0.13275,18.9514
0.1328,18.9331
0.13285,18.9423
0.1329,18.9392
0.13295,18.9545
0.133,18.9514
0.13305,18.9423
0.1331,18.9453
0.13315,18.9331
0.1332,18.9453
0.13325,18.9423
0.1333,18.9514
0.13335,18.9362
0.1334,18.9484
0.13345,18.9545
0.1335,18.9484
0.13355,18.9575
0.1336,18.9423
0.13365,18.9484
0.1337,18.9392
0.13375,18.9362
0.1338,18.9301
0.13385,18.9331
0.1339,18.9423
0.13395,18.9301
0.134,18.9423
0.13405,18.9331
0.1341,18.9514
0.13415,18.9423
0.1342,18.9392
0.13425,18.9484
0.1343,18.9453
0.13435,18.9575
0.1344,18.9392
0.13445,18.9545
0.1345,18.9453
0.13455,18.9392
0.1346,18.9453
0.13465,18.9392
0.1347,18.9514
0.13475,18.9362
0.1348,18.9545
0.13485,18.9423
0.1349,18.9545
0.13495,18.9545
0.135,18.9514
0.13505,18.9453
0.1351,18.9392
0.13515,18.9575
0.1352,18.9423
0.13525,18.9545
0.1353,18.9575
0.13535,18.9575
0.1354,18.9484
0.13545,18.9423
0.1355,18.9514
0.13555,18.9392
0.1356,18.9423
0.13565,18.9423
0.1357,18.9514
0.13575,18.9606
0.1358,18.9484
0.13585,18.9606
0.1359,18.9392
0.13595,18.9484
0.136,18.9453
0.13605,18.9514
0.1361,18.9453
0.13615,18.9484
0.1362,18.9545
0.13625,18.9392
0.1363,18.9575
0.13635,18.9453
0.1364,18.9575
0.13645,18.9484
0.1365,18.9453
0.13655,18.9484
0.1366,18.9392
0.13665,18.9545
0.1367,18.9514
0.13675,18.9484
0.1368,18.9331
0.13685,18.9423
0.1369,18.9453
0.13695,18.9392
0.137,18.9545
0.13705,18.9545
0.1371,18.9636
0.13715,18.9392
0.1372,18.9331
0.13725,18.9392
0.1373,18.9301
0.13735,18.9484
0.1374,18.9423
0.13745,18.9575
0.1375,18.9484
0.13755,18.9545
0.1376,18.9606
0.13765,18.9514
0.1377,18.9545
0.13775,18.9362
0.1378,18.9545
0.13785,18.9423
0.1379,18.9453
0.13795,18.9362
0.138,18.9392
0.13805,18.9453
0.1381,18.9453
0.13815,18.9423
0.1382,18.9331
0.13825,18.9331
0.1383,18.9392
0.13835,18.9362
0.1384,18.9453
0.13845,18.927
0.1385,18.9484
0.13855,18.9423
0.1386,18.9484
0.13865,18.927
0.1387,18.9423
0.13875,18.9514
0.1388,18.9362
0.13885,18.9545
0.1389,18.9453
0.13895,18.9636
0.139,18.9392
0.13905,18.9423
0.1391,18.9331
0.13915,18.9423
0.1392,18.9453
0.13925,18.9331
0.1393,18.9423
0.13935,18.9453
0.1394,18.9545
0.13945,18.9545
0.1395,18.9484
0.13955,18.9484
0.1396,18.9514
0.13965,18.9575
0.1397,18.9362
0.13975,18.9545
0.1398,18.9423
0.13985,18.9392
0.1399,18.9392
0.13995,18.9362
0.14,18.9484
0.14005,18.9331
0.1401,18.9514
0.14015,18.9484
0.1402,18.9484
0.14025,18.9423
0.1403,18.9453
0.14035,18.9545
0.1404,18.9331
0.14045,18.9453
0.1405,18.9301
0.14055,18.9453
0.1406,18.9331
0.14065,18.9392
0.1407,18.9484
0.14075,18.9392
0.1408,18.9575
0.14085,18.9453
0.1409,18.9484
0.14095,18.927
0.141,18.9331
0.14105,18.9423
0.1411,18.9331
0.14115,18.9484
0.1412,18.924
0.14125,18.9392
0.1413,18.9331
0.14135,18.9484
0.1414,18.9514
0.14145,18.9453
0.1415,18.9514
0.14155,18.9301
0.1416,18.9453
0.14165,18.9423
0.1417,18.9545
0.14175,18.9453
0.1418,18.9453
0.14185,18.9453
0.1419,18.9453
0.14195,18.9606
0.142,18.9545
0.14205,18.9575
0.1421,18.9453
0.14215,18.9392
0.1422,18.9484
0.14225,18.9453
0.1423,18.9514
0.14235,18.9331
0.1424,18.9484
0.14245,18.9331
0.1425,18.9453
0.14255,18.9423
0.1426,18.9392
0.14265,18.9453
0.1427,18.9392
0.14275,18.9423
0.1428,18.9362
0.14285,18.9453
0.1429,18.9453
0.14295,18.9423
0.143,18.9514
0.14305,18.9362
0.1431,18.9423
0.14315,18.9362
0.1432,18.9453
0.14325,18.9392
0.1433,18.9362
0.14335,18.9423
0.1434,18.9301
0.14345,18.9392
0.1435,18.9178
0.14355,18.9392
0.1436,18.9392
0.14365,18.9606
0.1437,18.9636
0.14375,18.9545
0.1438,18.9453
0.14385,18.9301
0.1439,18.9362
0.14395,18.924
0.144,18.9392
0.14405,18.9423
0.1441,18.9392
0.14415,18.9453
0.1442,18.9423
0.14425,18.9453
0.1443,18.927
0.14435,18.9362
0.1444,18.9362
0.14445,18.9362
0.1445,18.9423
0.14455,18.9301
0.1446,18.9484
0.14465,18.927
0.1447,18.9484
0.14475,18.9423
0.1448,18.9362
0.14485,18.9392
0.1449,18.9392
0.14495,18.9453
0.145,18.9301
0.14505,18.9514
0.1451,18.9453
0.14515,18.9545
0.1452,18.9362
0.14525,18.9362
0.1453,18.9362
0.14535,18.927
0.1454,18.9392
0.14545,18.9178
0.1455,18.9301
0.14555,18.9331
0.1456,18.9453
0.14565,18.9453
0.1457,18.9392
0.14575,18.9362
0.1458,18.927
0.14585,18.9362
0.1459,18.9392
0.14595,18.9392
0.146,18.9362
0.14605,18.9178
0.1461,18.9453
0.14615,18.9362
0.1462,18.9484
0.14625,18.9362
0.1463,18.9392
0.14635,18.9301
0.1464,18.9392
0.14645,18.9423
0.1465,18.9178
0.14655,18.927
0.1466,18.9209
0.14665,18.9301
0.1467,18.9209
0.14675,18.9178
0.1468,18.927
0.14685,18.927
0.1469,18.9362
0.14695,18.9178
0.147,18.9331
0.14705,18.9301
0.1471,18.9301
0.14715,18.9331
0.1472,18.924
0.14725,18.924
0.1473,18.924
0.14735,18.9423
0.1474,18.9209
0.14745,18.924
0.1475,18.927
0.14755,18.927
0.1476,18.9331
0.14765,18.924
0.1477,18.9331
0.14775,18.9209
0.1478,18.9331
0.14785,18.9301
0.1479,18.9331
0.14795,18.9362
0.148,18.924
0.14805,18.9301
0.1481,18.924
0.14815,18.9453
0.1482,18.9362
0.14825,18.9362
0.1483,18.9484
0.14835,18.9392
0.1484,18.9392
0.14845,18.9301
0.1485,18.9453
0.14855,18.9331
0.1486,18.9362
0.14865,18.9392
0.1487,18.927
0.14875,18.9453
0.1488,18.927
0.14885,18.9453
0.1489,18.9331
0.14895,18.9331
0.149,18.9362
0.14905,18.9392
0.1491,18.9331
0.14915,18.927
0.1492,18.9484
0.14925,18.9453
0.1493,18.9514
0.14935,18.9453
0.1494,18.9392
0.14945,18.9514
0.1495,18.9362
0.14955,18.9606
0.1496,18.9301
0.14965,18.9484
0.1497,18.9362
0.14975,18.9514
0.1498,18.9484
0.14985,18.9423
0.1499,18.9514
0.14995,18.9423
0.15,18.9606
0.15005,18.9484
0.1501,18.9484
0.15015,18.9423
0.1502,18.9423
0.15025,18.9514
0.1503,18.9392
0.15035,18.9514
0.1504,18.9362
0.15045,18.9545
0.1505,18.9423
0.15055,18.9423
0.1506,18.9484
0.15065,18.9362
0.1507,18.9484
0.15075,18.9392
0.1508,18.9606
0.15085,18.9423
0.1509,18.9545
0.15095,18.9545
0.151,18.9484
0.15105,18.9545
0.1511,18.9362
0.15115,18.9484
0.1512,18.924
0.15125,18.9362
0.1513,18.9362
0.15135,18.9301
0.1514,18.9423
0.15145,18.9301
0.1515,18.9423
0.15155,18.9362
0.1516,18.9484
0.15165,18.9484
0.1517,18.9484
0.15175,18.9545
0.1518,18.9484
0.15185,18.9575
0.1519,18.9331
0.15195,18.9514
0.152,18.9423
0.15205,18.9484
0.1521,18.9484
0.15215,18.9453
0.1522,18.9514
0.15225,18.9362
0.1523,18.9575
0.15235,18.9453
0.1524,18.9606
0.15245,18.9575
0.1525,18.9484
0.15255,18.9484
0.1526,18.9362
0.15265,18.9484
0.1527,18.9301
0.15275,18.9331
0.1528,18.927
0.15285,18.927
0.1529,18.927
0.15295,18.9301
0.153,18.9575
0.15305,18.9362
0.1531,18.9484
0.15315,18.9484
0.1532,18.9453
0.15325,18.9453
0.1533,18.9392
0.15335,18.9514
0.1534,18.9362
0.15345,18.9636
0.1535,18.9453
0.15355,18.9514
0.1536,18.9484
0.15365,18.9331
0.1537,18.9514
0.15375,18.9392
0.1538,18.9545
0.15385,18.924
0.1539,18.9331
0.15395,18.9331
0.154,18.9392
0.15405,18.9514
0.1541,18.9362
0.15415,18.9362
0.1542,18.9331
0.15425,18.9484
0.1543,18.9514
0.15435,18.9484
0.1544,18.9453
0.15445,18.9362
0.1545,18.9514
0.15455,18.9392
0.1546,18.9453
0.15465,18.927
0.1547,18.9331
0.15475,18.9423
0.1548,18.924
0.15485,18.9453
0.1549,18.927
0.15495,18.9453
0.155,18.927
0.15505,18.9362
0.1551,18.9209
0.15515,18.9209
0.1552,18.9392
0.15525,18.9301
0.1553,18.9453
0.15535,18.9301
0.1554,18.9423
0.15545,18.9453
0.1555,18.9423
0.15555,18.9453
0.1556,18.9331
0.15565,18.9423
0.1557,18.9362
0.15575,18.9484
0.1558,18.9423
0.15585,18.9423
0.1559,18.9484
0.15595,18.9392
0.156,18.9362
0.15605,18.924
0.1561,18.9484
0.15615,18.9331
0.1562,18.927
0.15625,18.9423
0.1563,18.9453
0.15635,18.9484
0.1564,18.9331
0.15645,18.9514
0.1565,18.9423
0.15655,18.9484
0.1566,18.9484
0.15665,18.9545
0.1567,18.9484
0.15675,18.9362
0.1568,18.9453
0.15685,18.9392
0.1569,18.9484
0.15695,18.9331
0.157,18.9331
0.15705,18.9392
0.1571,18.9392
0.15715,18.9545
0.1572,18.9331
0.15725,18.9484
0.1573,18.9331
0.15735,18.9453
0.1574,18.9392
0.15745,18.9301
0.1575,18.9453
0.15755,18.9423
0.1576,18.9575
0.15765,18.9392
0.1577,18.9453
0.15775,18.9484
0.1578,18.9545
0.15785,18.9606
0.1579,18.9362
0.15795,18.9484
0.158,18.9392
0.15805,18.9423
0.1581,18.9423
0.15815,18.9484
0.1582,18.9423
0.15825,18.9301
0.1583,18.9514
0.15835,18.9362
0.1584,18.9484
0.15845,18.927
0.1585,18.9545
0.15855,18.9545
0.1586,18.9514
0.15865,18.9575
0.1587,18.9545
0.15875,18.9697
0.1588,18.9453
0.15885,18.9514
0.1589,18.9453
0.15895,18.9514
0.159,18.9606
0.15905,18.9484
0.1591,18.9636
0.15915,18.9484
0.1592,18.9514
0.15925,18.9453
0.1593,18.9392
0.15935,18.9484
0.1594,18.9362
0.15945,18.9423
0.1595,18.9331
0.15955,18.9575
0.1596,18.9331
0.15965,18.9301
0.1597,18.9423
0.15975,18.9392
0.1598,18.9575
0.15985,18.9301
0.1599,18.9423
0.15995,18.9362
0.16,18.9423
0.16005,18.9423
0.1601,18.9392
0.16015,18.9514
0.1602,18.9423
0.16025,18.9423
0.1603,18.9423
0.16035,18.9575
0.1604,18.9545
0.16045,18.9514
0.1605,18.9423
0.16055,18.9453
0.1606,18.9545
0.16065,18.9331
0.1607,18.9362
0.16075,18.9331
0.1608,18.9423
0.16085,18.9423
0.1609,18.9392
0.16095,18.9392
0.161,18.9331
0.16105,18.9453
0.1611,18.9331
0.16115,18.9514
0.1612,18.9575
0.16125,18.9392
0.1613,18.9423
0.16135,18.9301
0.1614,18.9514
0.16145,18.9453
0.1615,18.9575
0.16155,18.9362
0.1616,18.9301
0.16165,18.9362
0.1617,18.927
0.16175,18.9545
0.1618,18.9362
0.16185,18.9362
0.1619,18.9301
0.16195,18.9392
0.162,18.9392
0.16205,18.927
0.1621,18.9392
0.16215,18.9209
0.1622,18.9362
0.16225,18.9301
0.1623,18.9331
0.16235,18.9362
0.1624,18.927
0.16245,18.9392
0.1625,18.924
0.16255,18.9514
0.1626,18.9362
0.16265,18.9453
0.1627,18.927
0.16275,18.9392
0.1628,18.9423
0.16285,18.9423
0.1629,18.9453
0.16295,18.9301
0.163,18.9392
0.16305,18.9331
0.1631,18.9362
0.16315,18.9362
0.1632,18.9178
0.16325,18.9331
0.1633,18.924
0.16335,18.9423
0.1634,18.927
0.16345,18.927
0.1635,18.9331
0.16355,18.927
0.1636,18.9331
0.16365,18.9178
0.1637,18.9331
0.16375,18.927
0.1638,18.9301
0.16385,18.927
0.1639,18.9148
0.16395,18.924
0.164,18.924
0.16405,18.9331
0.1641,18.9178
0.16415,18.9209
0.1642,18.924
0.16425,18.924
0.1643,18.9301
0.16435,18.924
0.1644,18.9392
0.16445,18.924
0.1645,18.9301
0.16455,18.9331
0.1646,18.9423
0.16465,18.9362
0.1647,18.9301
0.16475,18.9362
0.1648,18.9301
0.16485,18.9423
0.1649,18.927
0.16495,18.9392
0.165,18.9484
0.16505,18.927
0.1651,18.9453
0.16515,18.9362
0.1652,18.9484
0.16525,18.9301
0.1653,18.9514
0.16535,18.9484
0.1654,18.9392
0.16545,18.9484
0.1655,18.9392
0.16555,18.9575
0.1656,18.9362
0.16565,18.9484
0.1657,18.9514
0.16575,18.9453
0.1658,18.9362
0.16585,18.9331
0.1659,18.9484
0.16595,18.9362
0.166,18.9423
0.16605,18.9423
0.1661,18.9423
0.16615,18.9514
0.1662,18.9423
0.16625,18.9484
0.1663,18.9453
0.16635,18.9575
0.1664,18.9453
0.16645,18.9514
0.1665,18.9606
0.16655,18.9514
0.1666,18.9575
0.16665,18.9331
0.1667,18.9484
0.16675,18.924
0.1668,18.9423
0.16685,18.927
0.1669,18.9362
0.16695,18.927
0.167,18.924
0.16705,18.9453
0.1671,18.9301
0.16715,18.9453
0.1672,18.927
0.16725,18.9423
0.1673,18.9453
0.16735,18.9301
0.1674,18.9392
0.16745,18.927
0.1675,18.9392
0.16755,18.9362
0.1676,18.9423
0.16765,18.9423
0.1677,18.9423
0.16775,18.9453
0.1678,18.927
0.16785,18.9423
0.1679,18.9331
0.16795,18.9453
0.168,18.9423
0.16805,18.9331
0.1681,18.9484
0.16815,18.9301
0.1682,18.9545
0.16825,18.9453
0.1683,18.9484
0.16835,18.9362
0.1684,18.9392
0.16845,18.9453
0.1685,18.9331
0.16855,18.9453
0.1686,18.9392
0.16865,18.9606
0.1687,18.9514
0.16875,18.9484
0.1688,18.9453
0.16885,18.9331
0.1689,18.9423
0.16895,18.9392
0.169,18.9514
0.16905,18.9362
0.1691,18.9606
0.16915,18.9484
0.1692,18.9514
0.16925,18.9484
0.1693,18.9392
0.16935,18.9606
0.1694,18.9362
0.16945,18.9453
0.1695,18.9423
0.16955,18.9423
0.1696,18.9331
0.16965,18.9362
0.1697,18.9423
0.16975,18.924
0.1698,18.9453
0.16985,18.9423
0.1699,18.9362
0.16995,18.9209
0.17,18.9301
0.17005,18.9362
0.1701,18.9301
0.17015,18.9453
0.1702,18.9423
0.17025,18.9484
0.1703,18.9423
0.17035,18.9362
0.1704,18.9545
0.17045,18.9392
0.1705,18.9392
0.17055,18.924
0.1706,18.9423
0.17065,18.927
0.1707,18.9392
0.17075,18.9484
0.1708,18.9331
0.17085,18.9484
0.1709,18.9301
0.17095,18.9362
0.171,18.9453
0.17105,18.9453
0.1711,18.9362
0.17115,18.9362
0.1712,18.9545
0.17125,18.9331
0.1713,18.9392
0.17135,18.9301
0.1714,18.9453
0.17145,18.9331
0.1715,18.9453
0.17155,18.9453
0.1716,18.9301
0.17165,18.9453
0.1717,18.9331
0.17175,18.9453
0.1718,18.9331
0.17185,18.9423
0.1719,18.9423
0.17195,18.9392
0.172,18.9453
0.17205,18.9331
0.1721,18.9484
0.17215,18.9484
0.1722,18.9331
0.17225,18.9301
0.1723,18.9209
0.17235,18.9362
0.1724,18.9301
0.17245,18.9453
0.1725,18.927
0.17255,18.9484
0.1726,18.9362
0.17265,18.9453
0.1727,18.9545
0.17275,18.9484
0.1728,18.9545
0.17285,18.9362
0.1729,18.9484
0.17295,18.9423
0.173,18.9453
0.17305,18.9453
0.1731,18.9392
0.17315,18.9575
0.1732,18.9331
0.17325,18.9484
0.1733,18.9423
0.17335,18.9423
0.1734,18.9362
0.17345,18.9423
0.1735,18.9545
0.17355,18.9331
0.1736,18.9362
0.17365,18.9331
0.1737,18.9453
0.17375,18.9362
0.1738,18.9301
0.17385,18.9545
0.1739,18.9392
0.17395,18.9453
0.174,18.9301
0.17405,18.9453
0.1741,18.9423
0.17415,18.9301
0.1742,18.9484
0.17425,18.9423
0.1743,18.9453
0.17435,18.9301
0.1744,18.9423
0.17445,18.9362
0.1745,18.9453
0.17455,18.9423
0.1746,18.9331
0.17465,18.9484
0.1747,18.9392
0.17475,18.9514
0.1748,18.9423
0.17485,18.9392
0.1749,18.9362
0.17495,18.9362
0.175,18.9453
0.17505,18.9301
0.1751,18.9514
0.17515,18.9423
0.1752,18.9484
0.17525,18.9545
0.1753,18.9514
0.17535,18.9667
0.1754,18.9423
0.17545,18.9575
0.1755,18.9423
0.17555,18.9423
0.1756,18.9301
0.17565,18.9392
0.1757,18.9453
0.17575,18.9362
0.1758,18.9484
0.17585,18.9301
0.1759,18.9392
0.17595,18.9301
0.176,18.9392
0.17605,18.9453
0.1761,18.9392
0.17615,18.9453
0.1762,18.9392
0.17625,18.9423
0.1763,18.9301
0.17635,18.9423
0.1764,18.9392
0.17645,18.9392
0.1765,18.9484
0.17655,18.9362
0.1766,18.9453
0.17665,18.9301
0.1767,18.9423
0.17675,18.9423
0.1768,18.927
0.17685,18.9453
0.1769,18.9331
0.17695,18.9392
0.177,18.9362
0.17705,18.9453
0.1771,18.9301
0.17715,18.9362
0.1772,18.9453
0.17725,18.9392
0.1773,18.9423
0.17735,18.924
0.1774,18.9484
0.17745,18.9423
0.1775,18.9484
0.17755,18.9453
0.1776,18.9453
0.17765,18.9423
0.1777,18.9453
0.17775,18.9545
0.1778,18.9331
0.17785,18.9301
0.1779,18.9301
0.17795,18.9209
0.178,18.927
0.17805,18.927
0.1781,18.9392
0.17815,18.9362
0.1782,18.9362
0.17825,18.924
0.1783,18.924
0.17835,18.927
0.1784,18.927
0.17845,18.9514
0.1785,18.924
0.17855,18.9331
0.1786,18.9331
0.17865,18.9362
0.1787,18.9392
0.17875,18.9362
0.1788,18.9453
0.17885,18.924
0.1789,18.9362
0.17895,18.9331
0.179,18.9453
0.17905,18.9362
0.1791,18.9331
0.17915,18.9301
0.1792,18.927
0.17925,18.9453
0.1793,18.9331
0.17935,18.9362
0.1794,18.924
0.17945,18.9362
0.1795,18.9423
0.17955,18.9392
0.1796,18.9545
0.17965,18.9392
0.1797,18.9392
0.17975,18.9301
0.1798,18.9484
0.17985,18.9301
0.1799,18.9209
0.17995,18.9331
0.18,18.9148
0.18005,18.924
0.1801,18.9178
0.18015,18.9331
0.1802,18.9301
0.18025,18.9331
0.1803,18.9301
0.18035,18.927
0.1804,18.9362
0.18045,18.924
0.1805,18.9362
0.18055,18.924
0.1806,18.924
0.18065,18.9362
0.1807,18.927
0.18075,18.927
0.1808,18.924
0.18085,18.9423
0.1809,18.9362
0.18095,18.9392
0.181,18.9453
0.18105,18.9392
0.1811,18.9484
0.18115,18.9331
0.1812,18.9392
0.18125,18.9331
0.1813,18.9301
0.18135,18.924
0.1814,18.9301
0.18145,18.9362
0.1815,18.9453
0.18155,18.9545
0.1816,18.9392
0.18165,18.9545
0.1817,18.9423
0.18175,18.9484
0.1818,18.9484
0.18185,18.9362
0.1819,18.9545
0.18195,18.9392
0.182,18.9484
0.18205,18.9514
0.1821,18.9453
0.18215,18.9392
0.1822,18.9331
0.18225,18.9484
0.1823,18.924
0.18235,18.9514
0.1824,18.9484
0.18245,18.9423
0.1825,18.9392
0.18255,18.9362
0.1826,18.9423
0.18265,18.9392
0.1827,18.9453
0.18275,18.9453
0.1828,18.9514
0.18285,18.9484
0.1829,18.9423
0.18295,18.9484
0.183,18.9301
0.18305,18.9362
0.1831,18.9331
0.18315,18.9545
0.1832,18.9484
0.18325,18.9514
0.1833,18.9545
0.18335,18.9484
0.1834,18.9514
0.18345,18.9514
0.1835,18.9575
0.18355,18.9514
0.1836,18.9453
0.18365,18.9453
0.1837,18.9362
0.18375,18.9423
0.1838,18.9362
0.18385,18.9545
0.1839,18.9484
0.18395,18.9636
0.184,18.9484
0.18405,18.9423
0.1841,18.9392
0.18415,18.9331
0.1842,18.9484
0.18425,18.9362
0.1843,18.9484
0.18435,18.9362
0.1844,18.9484
0.18445,18.9545
0.1845,18.9453
0.18455,18.9514
0.1846,18.9453
0.18465,18.9575
0.1847,18.9392
0.18475,18.9423
0.1848,18.9484
0.18485,18.9392
0.1849,18.9453
0.18495,18.9331
0.185,18.9514
0.18505,18.9331
0.1851,18.9484
0.18515,18.9423
0.1852,18.9301
0.18525,18.9331
0.1853,18.9392
0.18535,18.9453
0.1854,18.9362
0.18545,18.9484
0.1855,18.9453
0.18555,18.9453
0.1856,18.9423
0.18565,18.9392
0.1857,18.9606
0.18575,18.9392
0.1858,18.9514
0.18585,18.9484
0.1859,18.9484
0.18595,18.9453
0.186,18.9453
0.18605,18.9545
0.1861,18.9362
0.18615,18.9484
0.1862,18.9392
0.18625,18.9392
0.1863,18.9423
0.18635,18.9362
0.1864,18.9423
0.18645,18.9362
0.1865,18.9484
0.18655,18.9423
0.1866,18.9362
0.18665,18.9362
0.1867,18.9392
0.18675,18.9423
0.1868,18.9362
0.18685,18.9514
0.1869,18.9453
0.18695,18.9453
0.187,18.9331
0.18705,18.9392
0.1871,18.9453
0.18715,18.9331
0.1872,18.9453
0.18725,18.9178
0.1873,18.9301
0.18735,18.927
0.1874,18.9392
0.18745,18.9392
0.1875,18.927
0.18755,18.9331
0.1876,18.9209
0.18765,18.9484
0.1877,18.9362
0.18775,18.9423
0.1878,18.924
0.18785,18.927
0.1879,18.9484
0.18795,18.9362
0.188,18.9484
0.18805,18.9301
0.1881,18.9362
0.18815,18.9362
0.1882,18.9453
0.18825,18.9545
0.1883,18.9392
0.18835,18.9423
0.1884,18.9453
0.18845,18.9545
0.1885,18.9301
0.18855,18.9484
0.1886,18.9514
0.18865,18.9392
0.1887,18.9484
0.18875,18.9362
0.1888,18.9392
0.18885,18.9423
0.1889,18.9514
0.18895,18.9392
0.189,18.9392
0.18905,18.9575
0.1891,18.9362
0.18915,18.9545
0.1892,18.9301
0.18925,18.9423
0.1893,18.9423
0.18935,18.9392
0.1894,18.9392
0.18945,18.9331
0.1895,18.9423
0.18955,18.9331
0.1896,18.9453
0.18965,18.9453
0.1897,18.9392
0.18975,18.9392
0.1898,18.9301
0.18985,18.9453
0.1899,18.9362
0.18995,18.9392
0.19,18.9331
0.19005,18.9514
0.1901,18.9484
0.19015,18.9453
0.1902,18.9484
0.19025,18.9423
0.1903,18.9575
0.19035,18.9331
0.1904,18.9453
0.19045,18.9484
0.1905,18.9484
0.19055,18.9606
0.1906,18.9484
0.19065,18.9545
0.1907,18.9392
0.19075,18.9636
0.1908,18.9453
0.19085,18.9392
0.1909,18.9362
0.19095,18.9423
0.191,18.9423
0.19105,18.9148
0.1911,18.927
0.19115,18.9392
0.1912,18.9331
0.19125,18.9331
0.1913,18.9301
0.19135,18.9392
0.1914,18.927
0.19145,18.9392
0.1915,18.927
0.19155,18.9423
0.1916,18.9392
0.19165,18.9423
0.1917,18.9392
0.19175,18.9301
0.1918,18.9301
0.19185,18.924
0.1919,18.9362
0.19195,18.9362
0.192,18.9423
0.19205,18.9392
0.1921,18.9362
0.19215,18.9545
0.1922,18.9453
0.19225,18.9514
0.1923,18.9484
0.19235,18.9453
0.1924,18.9423
0.19245,18.9392
0.1925,18.9484
0.19255,18.9423
0.1926,18.9484
0.19265,18.9392
0.1927,18.9453
0.19275,18.9423
0.1928,18.9453
0.19285,18.9514
0.1929,18.9423
0.19295,18.9575
0.193,18.9423
0.19305,18.9453
0.1931,18.9392
0.19315,18.9362
0.1932,18.9392
0.19325,18.9301
0.1933,18.9514
0.19335,18.9453
0.1934,18.9606
0.19345,18.9514
0.1935,18.9514
0.19355,18.9636
0.1936,18.9453
0.19365,18.9545
0.1937,18.9392
0.19375,18.9636
0.1938,18.9484
0.19385,18.9484
0.1939,18.9514
0.19395,18.9484
0.194,18.9514
0.19405,18.9301
0.1941,18.9484
0.19415,18.9301
0.1942,18.9453
0.19425,18.9392
0.1943,18.9301
0.19435,18.9331
0.1944,18.9301
0.19445,18.9392
0.1945,18.9301
0.19455,18.9453
0.1946,18.9453
0.19465,18.9392
0.1947,18.9453
0.19475,18.9392
0.1948,18.9545
0.19485,18.9301
0.1949,18.9453
0.19495,18.924
0.195,18.9362
0.19505,18.9392
0.1951,18.9392
0.19515,18.9545
0.1952,18.9331
0.19525,18.9453
0.1953,18.9362
0.19535,18.9484
0.1954,18.9362
0.19545,18.9423
0.1955,18.9514
0.19555,18.9392
0.1956,18.9484
0.19565,18.9331
0.1957,18.9423
0.19575,18.9453
0.1958,18.9514
0.19585,18.9331
0.1959,18.924
0.19595,18.9392
0.196,18.9362
0.19605,18.9514
0.1961,18.9209
0.19615,18.924
0.1962,18.927
0.19625,18.924
0.1963,18.9362
0.19635,18.9117
0.1964,18.927
0.19645,18.9178
0.1965,18.9392
0.19655,18.927
0.1966,18.927
0.19665,18.9331
0.1967,18.9301
0.19675,18.9392
0.1968,18.9178
0.19685,18.924
0.1969,18.9209
0.19695,18.927
0.197,18.9362
0.19705,18.927
0.1971,18.9301
0.19715,18.924
0.1972,18.9331
0.19725,18.9178
0.1973,18.924
0.19735,18.9301
0.1974,18.9331
0.19745,18.9453
0.1975,18.9301
0.19755,18.9392
0.1976,18.9209
0.19765,18.927
0.1977,18.924
0.19775,18.924
0.1978,18.9392
0.19785,18.9331
0.1979,18.9453
0.19795,18.927
0.198,18.9453
0.19805,18.924
0.1981,18.9362
0.19815,18.9362
0.1982,18.9362
0.19825,18.9392
0.1983,18.924
0.19835,18.9423
0.1984,18.9362
0.19845,18.927
0.1985,18.927
0.19855,18.924
0.1986,18.9362
0.19865,18.924
0.1987,18.9484
0.19875,18.9392
0.1988,18.9362
0.19885,18.9392
0.1989,18.9453
0.19895,18.9514
0.199,18.9362
0.19905,18.9545
0.1991,18.9362
0.19915,18.9392
0.1992,18.9392
0.19925,18.9514
0.1993,18.9484
0.19935,18.9301
0.1994,18.9484
0.19945,18.9453
0.1995,18.9575
0.19955,18.9545
0.1996,18.9514
0.19965,18.9392
0.1997,18.9423
0.19975,18.9453
0.1998,18.9331
0.19985,18.9484
0.1999,18.9362
0.19995,18.9392
0.2,18.9392
0.20005,18.9392
0.2001,18.9484
0.20015,18.9362
0.2002,18.9423
0.20025,18.927
0.2003,18.9331
0.20035,18.924
0.2004,18.924
0.20045,18.927
0.2005,18.9026
0.20055,18.9209
0.2006,18.9026
0.20065,18.9087
0.2007,18.8934
0.20075,18.8934
0.2008,18.8843
0.20085,18.8782
0.2009,18.8843
0.20095,18.8751
0.201,18.8782
0.20105,18.866
0.2011,18.869
0.20115,18.8568
0.2012,18.8507
0.20125,18.8568
0.2013,18.8354
0.20135,18.8354
0.2014,18.8141
0.20145,18.8202
0.2015,18.8049
0.20155,18.7927
0.2016,18.7866
0.20165,18.7683
0.2017,18.7744
0.20175,18.75
0.2018,18.7531
0.20185,18.7317
0.2019,18.7225
0.20195,18.7164
0.202,18.692
0.20205,18.6859
0.2021,18.6676
0.20215,18.6768
0.2022,18.6615
0.20225,18.6493
0.2023,18.6371
0.20235,18.6096
0.2024,18.6035
0.20245,18.5699
0.2025,18.573
0.20255,18.5394
0.2026,18.5364
0.20265,18.5089
0.2027,18.4875
0.20275,18.4814
0.2028,18.457
0.20285,18.454
0.2029,18.4143
0.20295,18.3929
0.203,18.3746
0.20305,18.3472
0.2031,18.335
0.20315,18.3105
0.2032,18.2953
0.20325,18.2648
0.2033,18.2434
0.20335,18.2037
0.2034,18.1793
0.20345,18.158
0.2035,18.1305
0.20355,18.1274
0.2036,18.0817
0.20365,18.0573
0.2037,18.0389
0.20375,18.0176
0.2038,17.9901
0.20385,17.9565
0.2039,17.9382
0.20395,17.8925
0.204,17.8802
0.20405,17.8436
0.2041,17.8253
0.20415,17.7795
0.2042,17.749
0.20425,17.7155
0.2043,17.6849
0.20435,17.6727
0.2044,17.6239
0.20445,17.5903
0.2045,17.5446
0.20455,17.5171
0.2046,17.5018
0.20465,17.4469
0.2047,17.4286
0.20475,17.3798
0.2048,17.3553
0.20485,17.3218
0.2049,17.3004
0.20495,17.2516
0.205,17.2028
0.20505,17.1814
0.2051,17.1326
0.20515,17.1234
0.2052,17.0593
0.20525,17.0319
0.2053,16.9891
0.20535,16.9434
0.2054,16.9128
0.20545,16.8701
0.2055,16.8427
0.20555,16.7816
0.2056,16.7511
0.20565,16.7145
0.2057,16.6748
0.20575,16.6412
0.2058,16.5924
0.20585,16.5558
0.2059,16.4978
0.20595,16.4734
0.206,16.4215
0.20605,16.3818
0.2061,16.3452
0.20615,16.3025
0.2062,16.2567
0.20625,16.2048
0.2063,16.1804
0.20635,16.1285
0.2064,16.0889
0.20645,16.037
0.2065,15.9943
0.20655,15.9698
0.2066,15.9027
0.20665,15.8783
0.2067,15.8234
0.20675,15.7959
0.2068,15.7379
0.20685,15.6921
0.2069,15.6555
0.20695,15.5945
0.207,15.5487
0.20705,15.4968
0.2071,15.4694
0.20715,15.4205
0.2072,15.3625
0.20725,15.329
0.2073,15.274
0.20735,15.2222
0.2074,15.1672
0.20745,15.1367
0.2075,15.0726
0.20755,15.0208
0.2076,14.978
0.20765,14.9384
0.2077,14.8865
0.20775,14.8193
0.2078,14.7888
0.20785,14.7247
0.2079,14.6912
0.20795,14.6484
0.208,14.5874
0.20805,14.5355
0.2081,14.4806
0.20815,14.4501
0.2082,14.3799
0.20825,14.3463
0.2083,14.2914
0.20835,14.2456
0.2084,14.1968
0.20845,14.1418
0.2085,14.1052
0.20855,14.0381
0.2086,14.0015
0.20865,13.9282
0.2087,13.8916
0.20875,13.8336
0.2088,13.7726
0.20885,13.736
0.2089,13.678
0.20895,13.6475
0.209,13.5834
0.20905,13.5406
0.2091,13.4888
0.20915,13.4247
0.2092,13.3728
0.20925,13.3118
0.2093,13.2629
0.20935,13.2111
0.2094,13.1592
0.20945,13.0951
0.2095,13.0463
0.20955,12.9974
0.2096,12.9333
0.20965,12.8937
0.2097,12.8265
0.20975,12.7808
0.2098,12.7167
0.20985,12.6617
0.2099,12.6129
0.20995,12.561
0.21,12.5122
0.21005,12.4481
0.2101,12.4054
0.21015,12.3322
0.2102,12.2925
0.21025,12.2314
0.2103,12.1674
0.21035,12.1216
0.2104,12.0544
0.21045,12.0148
0.2105,11.9476
0.21055,11.9049
0.2106,11.8439
0.21065,11.7889
0.2107,11.7401
0.21075,11.673
0.2108,11.6394
0.21085,11.557
0.2109,11.5234
0.21095,11.4471
0.211,11.3953
0.21105,11.3403
0.2111,11.2823
0.21115,11.2274
0.2112,11.1694
0.21125,11.1359
0.2113,11.0626
0.21135,11.0046
0.2114,10.9406
0.21145,10.9009
0.2115,10.8429
0.21155,10.7788
0.2116,10.7544
0.21165,10.6812
0.2117,10.6232
0.21175,10.556
0.2118,10.498
0.21185,10.4462
0.2119,10.3882
0.21195,10.3455
0.212,10.2661
0.21205,10.2081
0.2121,10.1532
0.21215,10.0922
0.2122,10.0464
0.21225,9.9762
0.2123,9.93042
0.21235,9.85413
0.2124,9.8175
0.21245,9.75952
0.2125,9.70459
0.21255,9.6344
0.2126,9.57947
0.21265,9.53369
0.2127,9.46045
0.21275,9.42383
0.2128,9.34448
0.21285,9.2926
0.2129,9.23157
0.21295,9.18579
0.213,9.13696
0.21305,9.06982
0.2131,9.01794
0.21315,8.95081
0.2132,8.90198
0.21325,8.83789
0.2133,8.78296
0.21335,8.71887
0.2134,8.66394
0.21345,8.61206
0.2135,8.54187
0.21355,8.49304
0.2136,8.42896
0.21365,8.36792
0.2137,8.30994
0.21375,8.24585
0.2138,8.20313
0.21385,8.13599
0.2139,8.09631
0.21395,8.02612
0.214,7.98035
0.21405,7.91931
0.2141,7.86438
0.21415,7.80334
0.2142,7.72705
0.21425,7.68738
0.2143,7.61414
0.21435,7.56531
0.2144,7.50732
0.21445,7.44934
0.2145,7.40051
0.21455,7.32727
0.2146,7.27844
0.21465,7.22351
0.2147,7.17468
0.21475,7.10754
0.2148,7.05261
0.21485,7.01294
0.2149,6.94275
0.21495,6.88477
0.215,6.81458
0.21505,6.78406
0.2151,6.69861
0.21515,6.64368
0.2152,6.58569
0.21525,6.52771
0.2153,6.47583
0.21535,6.41174
0.2154,6.37207
0.21545,6.29883
0.2155,6.23779
0.21555,6.19202
0.2156,6.14014
0.21565,6.073
0.2157,6.00586
0.21575,5.96313
0.2158,5.89294
0.21585,5.85022
0.2159,5.78613
0.21595,5.72815
0.216,5.66406
0.21605,5.59998
0.2161,5.5603
0.21615,5.49011
0.2162,5.44434
0.21625,5.37109
0.2163,5.31311
0.21635,5.25818
0.2164,5.19714
0.21645,5.14526
0.2165,5.08728
0.21655,5.04761
0.2166,4.97742
0.21665,4.92249
0.2167,4.86755
0.21675,4.80042
0.2168,4.75159
0.21685,4.67834
0.2169,4.64172
0.21695,4.56543
0.217,4.53186
0.21705,4.45862
0.2171,4.40369
0.21715,4.3457
0.2172,4.28772
0.21725,4.23584
0.2173,4.16565
0.21735,4.13208
0.2174,4.05884
0.21745,4.00391
0.2175,3.93677
0.21755,3.88184
0.2176,3.82385
0.21765,3.75366
0.2177,3.70483
0.21775,3.64075
0.2178,3.60413
0.21785,3.53088
0.2179,3.479
0.21795,3.43933
0.218,3.35999
0.21805,3.31421
0.2181,3.25012
0.21815,3.2074
0.2182,3.14026
0.21825,3.08838
0.2183,3.02734
0.21835,2.96326
0.2184,2.92969
0.21845,2.8717
0.2185,2.82898
0.21855,2.75269
0.2186,2.70081
0.21865,2.64893
0.2187,2.58789
0.21875,2.54517
0.2188,2.49023
0.21885,2.44751
0.2189,2.39258
0.21895,2.35596
0.219,2.30103
0.21905,2.23999
0.2191,2.19421
0.21915,2.13928
0.2192,2.10266
0.21925,2.05078
0.2193,2.01111
0.21935,1.96228
0.2194,1.9165
0.21945,1.86768
0.2195,1.81885
0.21955,1.78528
0.2196,1.73035
0.21965,1.68762
0.2197,1.63879
0.21975,1.60217
0.2198,1.55945
0.21985,1.50757
0.2199,1.4801
0.21995,1.42517
0.22,1.38855
0.22005,1.33972
0.2201,1.3031
0.22015,1.26343
0.2202,1.22681
0.22025,1.19934
0.2203,1.15356
0.22035,1.12915
0.2204,1.07727
0.22045,1.05286
0.2205,1.01318
0.22055,0.98877
0.2206,0.946045
0.22065,0.90332
0.2207,0.881958
0.22075,0.839233
0.2208,0.805664
0.22085,0.778198
0.2209,0.756836
0.22095,0.720215
0.221,0.67749
0.22105,0.671387
0.2211,0.628662
0.22115,0.616455
0.2212,0.576782
0.22125,0.561523
0.2213,0.531006
0.22135,0.497437
0.2214,0.491333
0.22145,0.445557
0.2215,0.43335
0.22155,0.402832
0.2216,0.387573
0.22165,0.360107
0.2217,0.335693
0.22175,0.332642
0.2218,0.292969
0.22185,0.280762
0.2219,0.244141
0.22195,0.22583
0.222,0.210571
0.22205,0.204468
0.2221,0.186157
0.22215,0.15564
0.2222,0.143433
0.22225,0.109863
0.2223,0.115967
0.22235,0.0854492
0.2224,0.0732422
0.22245,0.0579834
0.2225,0.0396729
0.22255,0.0305176
0.2226,0.00305176
0.22265,-0.00305176
0.2227,-0.0213623
0.22275,-0.0274658
0.2228,-0.0457764
0.22285,-0.0549316
0.2229,-0.0518799
0.22295,-0.088501
0.223,-0.0976563
0.22305,-0.112915
0.2231,-0.109863
0.22315,-0.128174
0.2232,-0.146484
0.22325,-0.149536
0.2233,-0.167847
0.22335,-0.170898
0.2234,-0.198364
0.22345,-0.186157
0.2235,-0.195313
0.22355,-0.216675
0.2236,-0.222778
0.22365,-0.234985
0.2237,-0.234985
0.22375,-0.271606
0.2238,-0.262451
0.22385,-0.27771
0.2239,-0.283813
0.22395,-0.286865
0.224,-0.283813
0.22405,-0.292969
0.2241,-0.320435
0.22415,-0.302124
0.2242,-0.320435
0.22425,-0.323486
0.2243,-0.338745
0.22435,-0.338745
0.2244,-0.341797
0.22445,-0.357056
0.2245,-0.3479
0.22455,-0.372314
0.2246,-0.350952
0.22465,-0.38147
0.2247,-0.375366
0.22475,-0.375366
0.2248,-0.396729
0.22485,-0.387573
0.2249,-0.408936
0.22495,-0.390625
0.225,-0.408936
0.22505,-0.415039
0.2251,-0.415039
0.22515,-0.411987
0.2252,-0.408936
0.22525,-0.430298
0.2253,-0.415039
0.22535,-0.427246
0.2254,-0.43335
0.22545,-0.439453
0.2255,-0.445557
0.22555,-0.448608
0.2256,-0.457764
0.22565,-0.45166
0.2257,-0.460815
0.22575,-0.454712
0.2258,-0.466919
0.22585,-0.473022
0.2259,-0.469971
0.22595,-0.476074
0.226,-0.466919
0.22605,-0.482178
0.2261,-0.476074
0.22615,-0.485229
0.2262,-0.482178
0.22625,-0.488281
0.2263,-0.500488
0.22635,-0.500488
0.2264,-0.509644
0.22645,-0.491333
0.2265,-0.50354
0.22655,-0.491333
0.2266,-0.506592
0.22665,-0.509644
0.2267,-0.518799
0.22675,-0.531006
0.2268,-0.518799
0.22685,-0.534058
0.2269,-0.515747
0.22695,-0.531006
0.227,-0.527954
0.22705,-0.527954
0.2271,-0.543213
0.22715,-0.521851
0.2272,-0.549316
0.22725,-0.534058
0.2273,-0.540161
0.22735,-0.546265
0.2274,-0.543213
0.22745,-0.540161
0.2275,-0.546265
0.22755,-0.561523
0.2276,-0.55542
0.22765,-0.564575
0.2277,-0.549316
0.22775,-0.558472
0.2278,-0.567627
0.22785,-0.564575
0.2279,-0.570679
0.22795,-0.558472
0.228,-0.57373
0.22805,-0.567627
0.2281,-0.570679
0.22815,-0.57373
0.2282,-0.579834
0.22825,-0.592041
0.2283,-0.570679
0.22835,-0.588989
0.2284,-0.570679
0.22845,-0.579834
0.2285,-0.592041
0.22855,-0.592041
0.2286,-0.592041
0.22865,-0.579834
0.2287,-0.598145
0.22875,-0.582886
0.2288,-0.588989
0.22885,-0.588989
0.2289,-0.592041
0.22895,-0.588989
0.229,-0.582886
0.22905,-0.595093
0.2291,-0.582886
0.22915,-0.598145
0.2292,-0.579834
0.22925,-0.595093
0.2293,-0.592041
0.22935,-0.592041
0.2294,-0.595093
0.22945,-0.588989
0.2295,-0.592041
0.22955,-0.592041
0.2296,-0.6073
0.22965,-0.595093
0.2297,-0.588989
0.22975,-0.592041
0.2298,-0.588989
0.22985,-0.601196
0.2299,-0.585938
0.22995,-0.598145
0.23,-0.588989
0.23005,-0.595093
0.2301,-0.6073
0.23015,-0.595093
0.2302,-0.610352
0.23025,-0.604248
0.2303,-0.619507
0.23035,-0.598145
0.2304,-0.595093
0.23045,-0.592041
0.2305,-0.585938
0.23055,-0.6073
0.2306,-0.585938
0.23065,-0.610352
0.2307,-0.601196
0.23075,-0.616455
0.2308,-0.613403
0.23085,-0.604248
0.2309,-0.610352
0.23095,-0.601196
0.231,-0.610352
0.23105,-0.601196
0.2311,-0.616455
0.23115,-0.610352
0.2312,-0.610352
0.23125,-0.616455
0.2313,-0.610352
0.23135,-0.622559
0.2314,-0.613403
0.23145,-0.62561
0.2315,-0.619507
0.23155,-0.619507
0.2316,-0.616455
0.23165,-0.604248
0.2317,-0.616455
0.23175,-0.6073
0.2318,-0.619507
0.23185,-0.613403
0.2319,-0.619507
0.23195,-0.619507
0.232,-0.604248
0.23205,-0.616455
0.2321,-0.6073
0.23215,-0.604248
0.2322,-0.601196
0.23225,-0.613403
0.2323,-0.610352
0.23235,-0.604248
0.2324,-0.619507
0.23245,-0.601196
0.2325,-0.6073
0.23255,-0.598145
0.2326,-0.616455
0.23265,-0.613403
0.2327,-0.6073
0.23275,-0.610352
0.2328,-0.601196
0.23285,-0.613403
0.2329,-0.601196
0.23295,-0.619507
0.233,-0.604248
0.23305,-0.610352
0.2331,-0.601196
0.23315,-0.598145
0.2332,-0.613403
0.23325,-0.601196
0.2333,-0.619507
0.23335,-0.604248
0.2334,-0.622559
0.23345,-0.619507
0.2335,-0.616455
0.23355,-0.622559
0.2336,-0.6073
0.23365,-0.613403
0.2337,-0.6073
0.23375,-0.622559
0.2338,-0.6073
0.23385,-0.613403
0.2339,-0.622559
0.23395,-0.613403
0.234,-0.62561
0.23405,-0.613403
0.2341,-0.628662
0.23415,-0.6073
0.2342,-0.622559
0.23425,-0.619507
0.2343,-0.610352
0.23435,-0.619507
0.2344,-0.604248
0.23445,-0.613403
0.2345,-0.613403
0.23455,-0.62561
0.2346,-0.610352
0.23465,-0.610352
0.2347,-0.622559
0.23475,-0.601196
0.2348,-0.62561
0.23485,-0.604248
0.2349,-0.610352
0.23495,-0.6073
0.235,-0.6073
0.23505,-0.622559
0.2351,-0.610352
0.23515,-0.622559
0.2352,-0.613403
0.23525,-0.631714
0.2353,-0.619507
0.23535,-0.6073
0.2354,-0.616455
0.23545,-0.610352
0.2355,-0.619507
0.23555,-0.610352
0.2356,-0.62561
0.23565,-0.613403
0.2357,-0.619507
0.23575,-0.613403
0.2358,-0.616455
0.23585,-0.6073
0.2359,-0.610352
0.23595,-0.622559
0.236,-0.616455
0.23605,-0.62561
0.2361,-0.616455
0.23615,-0.601196
0.2362,-0.604248
0.23625,-0.595093
0.2363,-0.619507
0.23635,-0.598145
0.2364,-0.613403
0.23645,-0.604248
0.2365,-0.610352
0.23655,-0.6073
0.2366,-0.610352
0.23665,-0.616455
0.2367,-0.598145
0.23675,-0.610352
0.2368,-0.601196
0.23685,-0.619507
0.2369,-0.610352
0.23695,-0.6073
0.237,-0.613403
0.23705,-0.598145
0.2371,-0.601196
0.23715,-0.604248
0.2372,-0.613403
0.23725,-0.610352
0.2373,-0.604248
0.23735,-0.6073
0.2374,-0.598145
0.23745,-0.622559
0.2375,-0.6073
0.23755,-0.613403
0.2376,-0.610352
0.23765,-0.6073
0.2377,-0.622559
0.23775,-0.613403
0.2378,-0.62561
0.23785,-0.6073
0.2379,-0.613403
0.23795,-0.613403
0.238,-0.613403
0.23805,-0.619507
0.2381,-0.604248
0.23815,-0.619507
0.2382,-0.610352
0.23825,-0.62561
0.2383,-0.610352
0.23835,-0.628662
0.2384,-0.619507
0.23845,-0.616455
0.2385,-0.628662
0.23855,-0.610352
0.2386,-0.622559
0.23865,-0.619507
0.2387,-0.62561
0.23875,-0.613403
0.2388,-0.613403
0.23885,-0.619507
0.2389,-0.610352
0.23895,-0.619507
0.239,-0.601196
0.23905,-0.613403
0.2391,-0.619507
0.23915,-0.62561
0.2392,-0.616455
0.23925,-0.598145
0.2393,-0.610352
0.23935,-0.6073
0.2394,-0.610352
0.23945,-0.598145
0.2395,-0.613403
0.23955,-0.610352
0.2396,-0.598145
0.23965,-0.595093
0.2397,-0.598145
0.23975,-0.595093
0.2398,-0.588989
0.23985,-0.595093
0.2399,-0.601196
0.23995,-0.588989
0.24,-0.601196
0.24005,-0.592041
0.2401,-0.604248
0.24015,-0.585938
0.2402,-0.6073
0.24025,-0.601196
0.2403,-0.598145
0.24035,-0.595093
0.2404,-0.595093
0.24045,-0.601196
0.2405,-0.585938
0.24055,-0.595093
0.2406,-0.6073
0.24065,-0.595093
0.2407,-0.592041
0.24075,-0.598145
0.2408,-0.601196
0.24085,-0.592041
0.2409,-0.604248
0.24095,-0.582886
0.241,-0.595093
0.24105,-0.598145
0.2411,-0.588989
0.24115,-0.601196
0.2412,-0.592041
0.24125,-0.6073
0.2413,-0.595093
0.24135,-0.604248
0.2414,-0.598145
0.24145,-0.604248
0.2415,-0.598145
0.24155,-0.582886
0.2416,-0.604248
0.24165,-0.592041
0.2417,-0.604248
0.24175,-0.604248
0.2418,-0.613403
0.24185,-0.601196
0.2419,-0.592041
0.24195,-0.601196
0.242,-0.585938
0.24205,-0.604248
0.2421,-0.592041
0.24215,-0.604248
0.2422,-0.6073
0.24225,-0.6073
0.2423,-0.628662
0.24235,-0.604248
0.2424,-0.610352
0.24245,-0.598145
0.2425,-0.613403
0.24255,-0.6073
0.2426,-0.598145
0.24265,-0.601196
0.2427,-0.595093
0.24275,-0.598145
0.2428,-0.604248
0.24285,-0.613403
0.2429,-0.595093
0.24295,-0.613403
0.243,-0.613403
0.24305,-0.6073
0.2431,-0.619507
0.24315,-0.610352
0.2432,-0.622559
0.24325,-0.610352
0.2433,-0.610352
0.24335,-0.613403
0.2434,-0.6073
0.24345,-0.619507
0.2435,-0.604248
0.24355,-0.619507
0.2436,-0.6073
0.24365,-0.622559
0.2437,-0.616455
0.24375,-0.601196
0.2438,-0.604248
0.24385,-0.588989
0.2439,-0.610352
0.24395,-0.604248
0.244,-0.613403
0.24405,-0.604248
0.2441,-0.6073
0.24415,-0.601196
0.2442,-0.595093
0.24425,-0.601196
0.2443,-0.592041
0.24435,-0.616455
0.2444,-0.604248
0.24445,-0.610352
0.2445,-0.613403
0.24455,-0.601196
0.2446,-0.6073
0.24465,-0.595093
0.2447,-0.616455
0.24475,-0.604248
0.2448,-0.616455
0.24485,-0.601196
0.2449,-0.604248
0.24495,-0.610352
0.245,-0.6073
0.24505,-0.622559
0.2451,-0.6073
0.24515,-0.610352
0.2452,-0.6073
0.24525,-0.610352
0.2453,-0.598145
0.24535,-0.6073
0.2454,-0.619507
0.24545,-0.595093
0.2455,-0.601196
0.24555,-0.592041
0.2456,-0.6073
0.24565,-0.604248
0.2457,-0.613403
0.24575,-0.613403
0.2458,-0.582886
0.24585,-0.610352
0.2459,-0.6073
0.24595,-0.610352
0.246,-0.619507
0.24605,-0.610352
0.2461,-0.631714
0.24615,-0.619507
0.2462,-0.628662
0.24625,-0.616455
0.2463,-0.610352
0.24635,-0.610352
0.2464,-0.613403
0.24645,-0.616455
0.2465,-0.598145
0.24655,-0.616455
0.2466,-0.613403
0.24665,-0.62561
0.2467,-0.610352
0.24675,-0.613403
0.2468,-0.616455
0.24685,-0.601196
0.2469,-0.616455
0.24695,-0.610352
0.247,-0.610352
0.24705,-0.604248
0.2471,-0.610352
0.24715,-0.616455
0.2472,-0.619507
0.24725,-0.616455
0.2473,-0.622559
0.24735,-0.628662
0.2474,-0.604248
0.24745,-0.619507
0.2475,-0.616455
0.24755,-0.619507
0.2476,-0.622559
0.24765,-0.6073
0.2477,-0.613403
0.24775,-0.598145
0.2478,-0.6073
0.24785,-0.598145
0.2479,-0.610352
0.24795,-0.616455
0.248,-0.601196
0.24805,-0.601196
0.2481,-0.598145
0.24815,-0.619507
0.2482,-0.604248
0.24825,-0.604248
0.2483,-0.610352
0.24835,-0.610352
0.2484,-0.610352
0.24845,-0.592041
0.2485,-0.613403
0.24855,-0.595093
0.2486,-0.592041
0.24865,-0.598145
0.2487,-0.598145
0.24875,-0.598145
0.2488,-0.595093
0.24885,-0.613403
0.2489,-0.592041
0.24895,-0.601196
0.249,-0.595093
0.24905,-0.598145
0.2491,-0.598145
0.24915,-0.592041
0.2492,-0.6073
0.24925,-0.598145
0.2493,-0.6073
0.24935,-0.595093
0.2494,-0.6073
0.24945,-0.604248
0.2495,-0.592041
0.24955,-0.601196
0.2496,-0.576782
0.24965,-0.585938
0.2497,-0.582886
0.24975,-0.588989
0.2498,-0.598145
0.24985,-0.595093
0.2499,-0.598145
0.24995,-0.585938
